Date,Labels,Predictions,Epistemic,Aleatoric
2022-01-01 00:00:00,1.6,1.7709316,0.7775040864944458,1.18476402759552
2022-01-01 01:00:00,1.6,1.941426,,
2022-01-01 02:00:00,1.6,1.5382109,,
2022-01-01 03:00:00,1.6,1.4983143,,
2022-01-01 04:00:00,1.6,1.8693259,,
2022-01-01 05:00:00,1.6,1.962817,,
2022-01-01 06:00:00,3.0,1.9565881,,
2022-01-01 07:00:00,3.0,1.8446518,,
2022-01-01 08:00:00,3.0,1.8882822,,
2022-01-01 09:00:00,3.0,2.1606605,,
2022-01-01 10:00:00,3.0,2.2339387,,
2022-01-01 11:00:00,3.0,2.238356,,
2022-01-01 12:00:00,1.3,2.1859832,,
2022-01-01 13:00:00,1.3,2.3786435,,
2022-01-01 14:00:00,1.3,2.1780815,,
2022-01-01 15:00:00,3.0,2.286454,,
2022-01-01 16:00:00,3.0,2.3147016,,
2022-01-01 17:00:00,3.0,2.4452753,,
2022-01-01 18:00:00,1.6,2.5337362,,
2022-01-01 19:00:00,1.6,2.3283482,,
2022-01-01 20:00:00,1.6,2.3313117,,
2022-01-01 21:00:00,1.3,2.2133915,,
2022-01-01 22:00:00,1.3,2.2643366,,
2022-01-01 23:00:00,1.3,2.1844835,,
2022-01-02 00:00:00,1.3,2.020319,,
2022-01-02 01:00:00,1.3,2.0578067,,
2022-01-02 02:00:00,1.3,2.0963407,,
2022-01-02 03:00:00,1.0,1.9415457,,
2022-01-02 04:00:00,1.0,2.0744472,,
2022-01-02 05:00:00,1.0,1.8634284,,
2022-01-02 06:00:00,2.3,1.9522867,,
2022-01-02 07:00:00,2.3,1.7536033,,
2022-01-02 08:00:00,2.3,1.8305933,,
2022-01-02 09:00:00,2.3,1.7591034,,
2022-01-02 10:00:00,2.3,1.9139385,,
2022-01-02 11:00:00,2.3,1.5200839,,
2022-01-02 12:00:00,3.3,1.5836664,,
2022-01-02 13:00:00,3.3,1.6638048,,
2022-01-02 14:00:00,3.3,2.0194964,,
2022-01-02 15:00:00,2.0,1.7865677,,
2022-01-02 16:00:00,2.0,1.3484094,,
2022-01-02 17:00:00,2.0,1.4923881,,
2022-01-02 18:00:00,4.0,2.1034584,,
2022-01-02 19:00:00,4.0,1.9066021,,
2022-01-02 20:00:00,4.0,2.0572772,,
2022-01-02 21:00:00,3.3,2.3501856,,
2022-01-02 22:00:00,3.3,2.6608844,,
2022-01-02 23:00:00,3.3,2.5618284,,
2022-01-03 00:00:00,3.0,2.4994998,,
2022-01-03 01:00:00,3.0,2.42909,,
2022-01-03 02:00:00,3.0,2.336894,,
2022-01-03 03:00:00,2.0,2.237666,,
2022-01-03 04:00:00,2.0,1.9478216,,
2022-01-03 05:00:00,2.0,1.2590444,,
2022-01-03 06:00:00,1.3,1.2312088,,
2022-01-03 07:00:00,1.3,1.0318075,,
2022-01-03 08:00:00,1.3,1.3033979,,
2022-01-03 09:00:00,1.6,1.1584884,,
2022-01-03 10:00:00,1.6,1.3234597,,
2022-01-03 11:00:00,1.6,1.628898,,
2022-01-03 12:00:00,2.0,1.5251296,,
2022-01-03 13:00:00,2.0,1.5520266,,
2022-01-03 14:00:00,2.0,1.4010212,,
2022-01-03 15:00:00,2.3,1.1761984,,
2022-01-03 16:00:00,2.3,1.3751556,,
2022-01-03 17:00:00,2.3,1.452186,,
2022-01-03 18:00:00,3.0,1.4913337,,
2022-01-03 19:00:00,3.0,1.3742936,,
2022-01-03 20:00:00,3.0,1.4645407,,
2022-01-03 21:00:00,0.6,1.5302308,,
2022-01-03 22:00:00,0.6,1.6414711,,
2022-01-03 23:00:00,0.6,1.5256947,,
2022-01-04 00:00:00,1.3,1.1549753,,
2022-01-04 01:00:00,1.3,1.2378299,,
2022-01-04 02:00:00,1.3,1.1906686,,
2022-01-04 03:00:00,0.6,1.0318075,,
2022-01-04 04:00:00,0.6,0.87868947,,
2022-01-04 05:00:00,0.6,0.9129693,,
2022-01-04 06:00:00,0.0,0.96158993,,
2022-01-04 07:00:00,0.0,0.99103785,,
2022-01-04 08:00:00,0.0,1.0265945,,
2022-01-04 09:00:00,0.3,0.8200342,,
2022-01-04 10:00:00,0.3,0.76352507,,
2022-01-04 11:00:00,0.3,0.65718406,,
2022-01-04 12:00:00,0.3,0.6698043,,
2022-01-04 13:00:00,0.3,0.6316486,,
2022-01-04 14:00:00,0.3,0.6145496,,
2022-01-04 15:00:00,0.6,0.44956103,,
2022-01-04 16:00:00,0.6,0.42319393,,
2022-01-04 17:00:00,0.6,0.49077576,,
2022-01-04 18:00:00,2.3,0.6214751,,
2022-01-04 19:00:00,2.3,0.79388386,,
2022-01-04 20:00:00,2.3,0.9080056,,
2022-01-04 21:00:00,0.0,0.99847305,,
2022-01-04 22:00:00,0.0,1.0563381,,
2022-01-04 23:00:00,0.0,0.8036474,,
2022-01-05 00:00:00,0.0,0.5298017,,
2022-01-05 01:00:00,0.0,0.52302456,,
2022-01-05 02:00:00,0.0,0.74788564,,
2022-01-05 03:00:00,0.6,0.47384286,,
2022-01-05 04:00:00,0.6,0.72525537,,
2022-01-05 05:00:00,0.6,0.53753185,,
2022-01-05 06:00:00,1.3,1.2535336,,
2022-01-05 07:00:00,1.3,1.3825276,,
2022-01-05 08:00:00,1.3,0.83035505,,
2022-01-05 09:00:00,0.0,0.8119484,,
2022-01-05 10:00:00,0.0,0.6300216,,
2022-01-05 11:00:00,0.0,0.59645057,,
2022-01-05 12:00:00,0.0,0.73024166,,
2022-01-05 13:00:00,0.0,0.6217271,,
2022-01-05 14:00:00,0.0,0.5260874,,
2022-01-05 15:00:00,0.0,0.5670041,,
2022-01-05 16:00:00,0.0,0.6763649,,
2022-01-05 17:00:00,0.0,0.7901186,,
2022-01-05 18:00:00,0.0,0.67146564,,
2022-01-05 19:00:00,0.0,0.39117455,,
2022-01-05 20:00:00,0.0,0.5000709,,
2022-01-05 21:00:00,0.0,0.4557007,,
2022-01-05 22:00:00,0.0,0.49931026,,
2022-01-05 23:00:00,0.0,0.5122863,,
2022-01-06 00:00:00,0.0,0.4714338,,
2022-01-06 01:00:00,0.0,0.35433426,,
2022-01-06 02:00:00,0.0,0.35795203,,
2022-01-06 03:00:00,0.0,0.33616987,,
2022-01-06 04:00:00,0.0,0.37750188,,
2022-01-06 05:00:00,0.0,0.33298415,,
2022-01-06 06:00:00,0.0,0.29195118,,
2022-01-06 07:00:00,0.0,0.3664158,,
2022-01-06 08:00:00,0.0,0.33323812,,
2022-01-06 09:00:00,0.3,0.30200616,,
2022-01-06 10:00:00,0.3,0.304441,,
2022-01-06 11:00:00,0.3,0.4801995,,
2022-01-06 12:00:00,0.0,0.5598344,,
2022-01-06 13:00:00,0.0,0.59543693,,
2022-01-06 14:00:00,0.0,0.48984718,,
2022-01-06 15:00:00,0.0,0.35412025,,
2022-01-06 16:00:00,0.0,0.2868522,,
2022-01-06 17:00:00,0.0,0.2895688,,
2022-01-06 18:00:00,0.0,0.24773045,,
2022-01-06 19:00:00,0.0,0.19378623,,
2022-01-06 20:00:00,0.0,0.21456847,,
2022-01-06 21:00:00,0.0,0.22313027,,
2022-01-06 22:00:00,0.0,0.21047795,,
2022-01-06 23:00:00,0.0,0.22445063,,
2022-01-07 00:00:00,0.0,0.25327483,,
2022-01-07 01:00:00,0.0,0.25247103,,
2022-01-07 02:00:00,0.0,0.25973088,,
2022-01-07 03:00:00,0.0,0.20206313,,
2022-01-07 04:00:00,0.0,0.1973556,,
2022-01-07 05:00:00,0.0,0.20122592,,
2022-01-07 06:00:00,0.0,0.2783956,,
2022-01-07 07:00:00,0.0,0.28954148,,
2022-01-07 08:00:00,0.0,0.2821017,,
2022-01-07 09:00:00,0.0,0.2724617,,
2022-01-07 10:00:00,0.0,0.17660528,,
2022-01-07 11:00:00,0.0,0.1794047,,
2022-01-07 12:00:00,0.0,0.18121676,,
2022-01-07 13:00:00,0.0,0.19004512,,
2022-01-07 14:00:00,0.0,0.2015117,,
2022-01-07 15:00:00,0.0,0.18492393,,
2022-01-07 16:00:00,0.0,0.18426278,,
2022-01-07 17:00:00,0.0,0.15435104,,
2022-01-07 18:00:00,0.0,0.16105995,,
2022-01-07 19:00:00,0.0,0.19757047,,
2022-01-07 20:00:00,0.0,0.16298747,,
2022-01-07 21:00:00,1.0,0.19998024,,
2022-01-07 22:00:00,1.0,0.32475787,,
2022-01-07 23:00:00,1.0,0.3277537,,
2022-01-08 00:00:00,0.6,0.46390525,,
2022-01-08 01:00:00,0.6,0.4349568,,
2022-01-08 02:00:00,0.6,0.7810132,,
2022-01-08 03:00:00,1.0,0.632637,,
2022-01-08 04:00:00,1.0,0.63235104,,
2022-01-08 05:00:00,1.0,1.3117137,,
2022-01-08 06:00:00,1.3,1.3705745,,
2022-01-08 07:00:00,1.3,1.2469066,,
2022-01-08 08:00:00,1.3,1.1970745,,
2022-01-08 09:00:00,5.0,1.1735905,,
2022-01-08 10:00:00,5.0,1.3839496,,
2022-01-08 11:00:00,5.0,1.3634838,,
2022-01-08 12:00:00,4.6,2.0461113,,
2022-01-08 13:00:00,4.6,3.1740916,,
2022-01-08 14:00:00,4.6,3.4077392,,
2022-01-08 15:00:00,3.0,3.7852795,,
2022-01-08 16:00:00,3.0,3.939965,,
2022-01-08 17:00:00,3.0,3.126689,,
2022-01-08 18:00:00,2.3,2.7240407,,
2022-01-08 19:00:00,2.3,2.3715262,,
2022-01-08 20:00:00,2.3,2.722418,,
2022-01-08 21:00:00,2.0,2.6229198,,
2022-01-08 22:00:00,2.0,2.4991841,,
2022-01-08 23:00:00,2.0,2.4975867,,
2022-01-09 00:00:00,0.6,2.6716394,,
2022-01-09 01:00:00,0.6,2.2868857,,
2022-01-09 02:00:00,0.6,2.194878,,
2022-01-09 03:00:00,2.0,1.5796077,,
2022-01-09 04:00:00,2.0,1.4977753,,
2022-01-09 05:00:00,2.0,1.4409037,,
2022-01-09 06:00:00,1.3,1.4202654,,
2022-01-09 07:00:00,1.3,1.360931,,
2022-01-09 08:00:00,1.3,1.3269207,,
2022-01-09 09:00:00,2.0,1.0603231,,
2022-01-09 10:00:00,2.0,0.89390165,,
2022-01-09 11:00:00,2.0,0.8681777,,
2022-01-09 12:00:00,2.6,1.0227144,,
2022-01-09 13:00:00,2.6,1.0037596,,
2022-01-09 14:00:00,2.6,1.0526326,,
2022-01-09 15:00:00,2.3,1.1284645,,
2022-01-09 16:00:00,2.3,1.3427005,,
2022-01-09 17:00:00,2.3,1.6015131,,
2022-01-09 18:00:00,2.0,1.5109035,,
2022-01-09 19:00:00,2.0,1.4023112,,
2022-01-09 20:00:00,2.0,1.2612493,,
2022-01-09 21:00:00,0.3,0.9241276,,
2022-01-09 22:00:00,0.3,1.741483,,
2022-01-09 23:00:00,0.3,1.1926733,,
2022-01-10 00:00:00,0.3,0.8466384,,
2022-01-10 01:00:00,0.3,0.82467353,,
2022-01-10 02:00:00,0.3,0.94199073,,
2022-01-10 03:00:00,1.0,1.0530901,,
2022-01-10 04:00:00,1.0,0.9876035,,
2022-01-10 05:00:00,1.0,0.9964749,,
2022-01-10 06:00:00,2.0,1.0400741,,
2022-01-10 07:00:00,2.0,0.958378,,
2022-01-10 08:00:00,2.0,0.96419555,,
2022-01-10 09:00:00,2.3,1.0052608,,
2022-01-10 10:00:00,2.3,1.100351,,
2022-01-10 11:00:00,2.3,1.2252887,,
2022-01-10 12:00:00,1.6,1.2058744,,
2022-01-10 13:00:00,1.6,1.1844071,,
2022-01-10 14:00:00,1.6,1.1552998,,
2022-01-10 15:00:00,0.6,1.0422293,,
2022-01-10 16:00:00,0.6,1.0195147,,
2022-01-10 17:00:00,0.6,0.9835764,,
2022-01-10 18:00:00,1.3,0.9626322,,
2022-01-10 19:00:00,1.3,1.0238065,,
2022-01-10 20:00:00,1.3,1.2023594,,
2022-01-10 21:00:00,0.6,1.3980396,,
2022-01-10 22:00:00,0.6,1.0800649,,
2022-01-10 23:00:00,0.6,1.0457317,,
2022-01-11 00:00:00,1.0,0.96638316,,
2022-01-11 01:00:00,1.0,0.8226655,,
2022-01-11 02:00:00,1.0,1.0093014,,
2022-01-11 03:00:00,1.3,0.7594069,,
2022-01-11 04:00:00,1.3,1.0248296,,
2022-01-11 05:00:00,1.3,0.9411322,,
2022-01-11 06:00:00,2.0,0.9586643,,
2022-01-11 07:00:00,2.0,1.3648636,,
2022-01-11 08:00:00,2.0,1.0627121,,
2022-01-11 09:00:00,0.6,1.5122806,,
2022-01-11 10:00:00,0.6,1.0632762,,
2022-01-11 11:00:00,0.6,1.0163772,,
2022-01-11 12:00:00,0.0,0.5567912,,
2022-01-11 13:00:00,0.0,0.5411916,,
2022-01-11 14:00:00,0.0,0.44434294,,
2022-01-11 15:00:00,0.3,0.45366222,,
2022-01-11 16:00:00,0.3,0.543834,,
2022-01-11 17:00:00,0.3,0.54187965,,
2022-01-11 18:00:00,1.0,0.64032,,
2022-01-11 19:00:00,1.0,0.78083766,,
2022-01-11 20:00:00,1.0,1.0020206,,
2022-01-11 21:00:00,0.0,0.5958567,,
2022-01-11 22:00:00,0.0,0.60922223,,
2022-01-11 23:00:00,0.0,0.5591353,,
2022-01-12 00:00:00,0.0,0.64144915,,
2022-01-12 01:00:00,0.0,0.62252903,,
2022-01-12 02:00:00,0.0,0.7175206,,
2022-01-12 03:00:00,0.6,0.70082605,,
2022-01-12 04:00:00,0.6,0.68762,,
2022-01-12 05:00:00,0.6,0.6499283,,
2022-01-12 06:00:00,1.0,0.64338714,,
2022-01-12 07:00:00,1.0,0.69079405,,
2022-01-12 08:00:00,1.0,0.82731044,,
2022-01-12 09:00:00,1.3,1.0323355,,
2022-01-12 10:00:00,1.3,0.89226896,,
2022-01-12 11:00:00,1.3,1.3103154,,
2022-01-12 12:00:00,1.0,0.82738364,,
2022-01-12 13:00:00,1.0,1.0318075,,
2022-01-12 14:00:00,1.0,1.0201534,,
2022-01-12 15:00:00,1.0,1.183665,,
2022-01-12 16:00:00,1.0,1.6200521,,
2022-01-12 17:00:00,1.0,1.2103561,,
2022-01-12 18:00:00,0.0,1.298896,,
2022-01-12 19:00:00,0.0,1.0765326,,
2022-01-12 20:00:00,0.0,0.890463,,
2022-01-12 21:00:00,0.0,0.5875889,,
2022-01-12 22:00:00,0.0,0.74664474,,
2022-01-12 23:00:00,0.0,0.6117856,,
2022-01-13 00:00:00,0.3,0.46514398,,
2022-01-13 01:00:00,0.3,0.73646486,,
2022-01-13 02:00:00,0.3,0.7670957,,
2022-01-13 03:00:00,0.3,0.36601806,,
2022-01-13 04:00:00,0.3,0.47733536,,
2022-01-13 05:00:00,0.3,0.56273,,
2022-01-13 06:00:00,0.3,0.523931,,
2022-01-13 07:00:00,0.3,0.5597427,,
2022-01-13 08:00:00,0.3,0.4382493,,
2022-01-13 09:00:00,1.0,0.44565398,,
2022-01-13 10:00:00,1.0,0.6104223,,
2022-01-13 11:00:00,1.0,0.7739786,,
2022-01-13 12:00:00,1.0,0.80405456,,
2022-01-13 13:00:00,1.0,0.8504551,,
2022-01-13 14:00:00,1.0,0.636778,,
2022-01-13 15:00:00,0.0,0.50765526,,
2022-01-13 16:00:00,0.0,0.68676937,,
2022-01-13 17:00:00,0.0,0.33992472,,
2022-01-13 18:00:00,0.0,0.2539659,,
2022-01-13 19:00:00,0.0,0.27279353,,
2022-01-13 20:00:00,0.0,0.3141331,,
2022-01-13 21:00:00,0.3,0.4404028,,
2022-01-13 22:00:00,0.3,0.58507156,,
2022-01-13 23:00:00,0.3,0.7761556,,
2022-01-14 00:00:00,1.0,1.0555212,,
2022-01-14 01:00:00,1.0,0.75885546,,
2022-01-14 02:00:00,1.0,0.42855865,,
2022-01-14 03:00:00,2.0,0.37329903,,
2022-01-14 04:00:00,2.0,0.44476277,,
2022-01-14 05:00:00,2.0,0.59068096,,
2022-01-14 06:00:00,2.6,0.83096105,,
2022-01-14 07:00:00,2.6,1.7959982,,
2022-01-14 08:00:00,2.6,1.7172568,,
2022-01-14 09:00:00,4.0,2.1667745,,
2022-01-14 10:00:00,4.0,2.9240687,,
2022-01-14 11:00:00,4.0,3.1889257,,
2022-01-14 12:00:00,5.6,3.480291,,
2022-01-14 13:00:00,5.6,3.5432174,,
2022-01-14 14:00:00,5.6,3.4353385,,
2022-01-14 15:00:00,4.3,3.4719014,,
2022-01-14 16:00:00,4.3,3.601911,,
2022-01-14 17:00:00,4.3,2.2534456,,
2022-01-14 18:00:00,3.6,2.8211427,,
2022-01-14 19:00:00,3.6,2.745479,,
2022-01-14 20:00:00,3.6,2.4697998,,
2022-01-14 21:00:00,2.3,2.5951402,,
2022-01-14 22:00:00,2.3,2.1432714,,
2022-01-14 23:00:00,2.3,2.101292,,
2022-01-15 00:00:00,1.6,1.8300438,,
2022-01-15 01:00:00,1.6,1.7709529,,
2022-01-15 02:00:00,1.6,1.6408465,,
2022-01-15 03:00:00,2.6,1.4303708,,
2022-01-15 04:00:00,2.6,1.5417928,,
2022-01-15 05:00:00,2.6,1.768375,,
2022-01-15 06:00:00,3.0,1.9582962,,
2022-01-15 07:00:00,3.0,2.7313232,,
2022-01-15 08:00:00,3.0,2.531386,,
2022-01-15 09:00:00,4.0,2.3098679,,
2022-01-15 10:00:00,4.0,2.6488028,,
2022-01-15 11:00:00,4.0,2.7706177,,
2022-01-15 12:00:00,4.6,3.0478425,,
2022-01-15 13:00:00,4.6,2.8502817,,
2022-01-15 14:00:00,4.6,2.8460739,,
2022-01-15 15:00:00,3.6,3.0670695,,
2022-01-15 16:00:00,3.6,2.8097785,,
2022-01-15 17:00:00,3.6,2.8960083,,
2022-01-15 18:00:00,3.3,2.77297,,
2022-01-15 19:00:00,3.3,2.2832837,,
2022-01-15 20:00:00,3.3,2.2179472,,
2022-01-15 21:00:00,2.3,2.1259842,,
2022-01-15 22:00:00,2.3,1.9305061,,
2022-01-15 23:00:00,2.3,1.9707386,,
2022-01-16 00:00:00,2.6,1.7845043,,
2022-01-16 01:00:00,2.6,2.0138924,,
2022-01-16 02:00:00,2.6,1.8615754,,
2022-01-16 03:00:00,2.3,1.8860235,,
2022-01-16 04:00:00,2.3,1.7742535,,
2022-01-16 05:00:00,2.3,2.0672903,,
2022-01-16 06:00:00,2.6,1.9705305,,
2022-01-16 07:00:00,2.6,1.9424471,,
2022-01-16 08:00:00,2.6,1.7732273,,
2022-01-16 09:00:00,4.3,2.1281238,,
2022-01-16 10:00:00,4.3,2.1829162,,
2022-01-16 11:00:00,4.3,2.0094376,,
2022-01-16 12:00:00,3.0,1.9108044,,
2022-01-16 13:00:00,3.0,2.4457953,,
2022-01-16 14:00:00,3.0,2.5113819,,
2022-01-16 15:00:00,3.0,2.5559833,,
2022-01-16 16:00:00,3.0,2.5541048,,
2022-01-16 17:00:00,3.0,2.7232661,,
2022-01-16 18:00:00,0.6,2.566232,,
2022-01-16 19:00:00,0.6,2.3928075,,
2022-01-16 20:00:00,0.6,2.1918218,,
2022-01-16 21:00:00,1.0,2.0968308,,
2022-01-16 22:00:00,1.0,1.9153633,,
2022-01-16 23:00:00,1.0,1.8024279,,
2022-01-17 00:00:00,2.0,1.7338864,,
2022-01-17 01:00:00,2.0,1.6369622,,
2022-01-17 02:00:00,2.0,1.7368672,,
2022-01-17 03:00:00,2.3,1.807717,,
2022-01-17 04:00:00,2.3,1.7475739,,
2022-01-17 05:00:00,2.3,1.7006582,,
2022-01-17 06:00:00,2.6,1.4730963,,
2022-01-17 07:00:00,2.6,1.5035594,,
2022-01-17 08:00:00,2.6,1.7411404,,
2022-01-17 09:00:00,2.6,1.6811539,,
2022-01-17 10:00:00,2.6,1.541608,,
2022-01-17 11:00:00,2.6,1.6460499,,
2022-01-17 12:00:00,2.3,1.7458328,,
2022-01-17 13:00:00,2.3,1.621574,,
2022-01-17 14:00:00,2.3,1.6151043,,
2022-01-17 15:00:00,5.0,1.4959519,,
2022-01-17 16:00:00,5.0,1.8724114,,
2022-01-17 17:00:00,5.0,2.408194,,
2022-01-17 18:00:00,3.3,2.3109593,,
2022-01-17 19:00:00,3.3,2.0933175,,
2022-01-17 20:00:00,3.3,2.4207635,,
2022-01-17 21:00:00,3.0,2.3018165,,
2022-01-17 22:00:00,3.0,2.2171605,,
2022-01-17 23:00:00,3.0,2.157628,,
2022-01-18 00:00:00,2.0,2.274366,,
2022-01-18 01:00:00,2.0,2.197866,,
2022-01-18 02:00:00,2.0,2.2716203,,
2022-01-18 03:00:00,2.3,2.2878442,,
2022-01-18 04:00:00,2.3,2.201859,,
2022-01-18 05:00:00,2.3,2.187924,,
2022-01-18 06:00:00,3.0,2.2382839,,
2022-01-18 07:00:00,3.0,2.3097463,,
2022-01-18 08:00:00,3.0,2.1453297,,
2022-01-18 09:00:00,2.6,2.0735586,,
2022-01-18 10:00:00,2.6,1.947575,,
2022-01-18 11:00:00,2.6,1.8830389,,
2022-01-18 12:00:00,3.0,1.9512504,,
2022-01-18 13:00:00,3.0,1.9465811,,
2022-01-18 14:00:00,3.0,2.007984,,
2022-01-18 15:00:00,5.3,2.0237114,,
2022-01-18 16:00:00,5.3,2.092807,,
2022-01-18 17:00:00,5.3,2.1732402,,
2022-01-18 18:00:00,5.0,3.033921,,
2022-01-18 19:00:00,5.0,3.1620815,,
2022-01-18 20:00:00,5.0,3.2203698,,
2022-01-18 21:00:00,3.3,2.6170862,,
2022-01-18 22:00:00,3.3,2.6091921,,
2022-01-18 23:00:00,3.3,2.8897607,,
2022-01-19 00:00:00,3.0,2.0998206,,
2022-01-19 01:00:00,3.0,2.0407026,,
2022-01-19 02:00:00,3.0,2.1205914,,
2022-01-19 03:00:00,3.0,2.0315084,,
2022-01-19 04:00:00,3.0,1.610885,,
2022-01-19 05:00:00,3.0,1.5596231,,
2022-01-19 06:00:00,2.0,1.7148969,,
2022-01-19 07:00:00,2.0,1.6602312,,
2022-01-19 08:00:00,2.0,1.7160145,,
2022-01-19 09:00:00,2.0,1.6444165,,
2022-01-19 10:00:00,2.0,1.6212165,,
2022-01-19 11:00:00,2.0,1.6326172,,
2022-01-19 12:00:00,3.0,1.6941941,,
2022-01-19 13:00:00,3.0,1.6469349,,
2022-01-19 14:00:00,3.0,1.6105671,,
2022-01-19 15:00:00,3.3,1.5933651,,
2022-01-19 16:00:00,3.3,1.5910019,,
2022-01-19 17:00:00,3.3,2.006826,,
2022-01-19 18:00:00,0.3,1.9424194,,
2022-01-19 19:00:00,0.3,1.1481129,,
2022-01-19 20:00:00,0.3,1.0081127,,
2022-01-19 21:00:00,0.6,1.0736674,,
2022-01-19 22:00:00,0.6,0.97154534,,
2022-01-19 23:00:00,0.6,1.0318075,,
2022-01-20 00:00:00,0.3,1.2713567,,
2022-01-20 01:00:00,0.3,1.1499796,,
2022-01-20 02:00:00,0.3,1.0318075,,
2022-01-20 03:00:00,0.3,1.1032242,,
2022-01-20 04:00:00,0.3,1.0318075,,
2022-01-20 05:00:00,0.3,1.029991,,
2022-01-20 06:00:00,0.6,1.0148352,,
2022-01-20 07:00:00,0.6,1.0087698,,
2022-01-20 08:00:00,0.6,1.0054278,,
2022-01-20 09:00:00,0.3,0.8765,,
2022-01-20 10:00:00,0.3,0.8078855,,
2022-01-20 11:00:00,0.3,0.87380964,,
2022-01-20 12:00:00,0.3,0.93344176,,
2022-01-20 13:00:00,0.3,0.971289,,
2022-01-20 14:00:00,0.3,1.0318075,,
2022-01-20 15:00:00,0.3,0.90540636,,
2022-01-20 16:00:00,0.3,0.93694973,,
2022-01-20 17:00:00,0.3,0.9323328,,
2022-01-20 18:00:00,0.0,1.0318075,,
2022-01-20 19:00:00,0.0,0.9042407,,
2022-01-20 20:00:00,0.0,0.8511508,,
2022-01-20 21:00:00,0.6,0.92078674,,
2022-01-20 22:00:00,0.6,0.8836583,,
2022-01-20 23:00:00,0.6,0.8466365,,
2022-01-21 00:00:00,1.0,0.9482538,,
2022-01-21 01:00:00,1.0,1.0310328,,
2022-01-21 02:00:00,1.0,0.8170651,,
2022-01-21 03:00:00,2.6,0.9315508,,
2022-01-21 04:00:00,2.6,0.91274136,,
2022-01-21 05:00:00,2.6,0.70757246,,
2022-01-21 06:00:00,2.6,0.7469475,,
2022-01-21 07:00:00,2.6,0.8991415,,
2022-01-21 08:00:00,2.6,1.8181498,,
2022-01-21 09:00:00,2.3,1.7435246,,
2022-01-21 10:00:00,2.3,1.9233669,,
2022-01-21 11:00:00,2.3,1.926588,,
2022-01-21 12:00:00,3.3,2.0081325,,
2022-01-21 13:00:00,3.3,1.965751,,
2022-01-21 14:00:00,3.3,1.77462,,
2022-01-21 15:00:00,2.3,1.9066006,,
2022-01-21 16:00:00,2.3,1.9111551,,
2022-01-21 17:00:00,2.3,1.6950203,,
2022-01-21 18:00:00,3.0,1.6881135,,
2022-01-21 19:00:00,3.0,1.6661966,,
2022-01-21 20:00:00,3.0,1.5372955,,
2022-01-21 21:00:00,2.0,1.2687341,,
2022-01-21 22:00:00,2.0,1.6775728,,
2022-01-21 23:00:00,2.0,1.2961535,,
2022-01-22 00:00:00,1.0,1.2387857,,
2022-01-22 01:00:00,1.0,1.2409884,,
2022-01-22 02:00:00,1.0,1.2586185,,
2022-01-22 03:00:00,2.3,1.2721121,,
2022-01-22 04:00:00,2.3,1.2176919,,
2022-01-22 05:00:00,2.3,1.3198006,,
2022-01-22 06:00:00,2.3,1.3102133,,
2022-01-22 07:00:00,2.3,1.2749071,,
2022-01-22 08:00:00,2.3,1.4643202,,
2022-01-22 09:00:00,1.6,1.4182285,,
2022-01-22 10:00:00,1.6,1.2218492,,
2022-01-22 11:00:00,1.6,1.1662844,,
2022-01-22 12:00:00,3.0,1.0367582,,
2022-01-22 13:00:00,3.0,1.2018468,,
2022-01-22 14:00:00,3.0,1.2064418,,
2022-01-22 15:00:00,2.6,1.1690058,,
2022-01-22 16:00:00,2.6,0.93607014,,
2022-01-22 17:00:00,2.6,1.3433251,,
2022-01-22 18:00:00,3.0,1.3548337,,
2022-01-22 19:00:00,3.0,1.3508359,,
2022-01-22 20:00:00,3.0,1.0597627,,
2022-01-22 21:00:00,2.0,1.0318075,,
2022-01-22 22:00:00,2.0,1.3249315,,
2022-01-22 23:00:00,2.0,1.1706207,,
2022-01-23 00:00:00,2.0,1.0378792,,
2022-01-23 01:00:00,2.0,1.0318075,,
2022-01-23 02:00:00,2.0,1.0586835,,
2022-01-23 03:00:00,1.3,1.0318075,,
2022-01-23 04:00:00,1.3,1.5167454,,
2022-01-23 05:00:00,1.3,1.1266768,,
2022-01-23 06:00:00,1.3,1.3520659,,
2022-01-23 07:00:00,1.3,1.203916,,
2022-01-23 08:00:00,1.3,1.0478542,,
2022-01-23 09:00:00,0.0,0.91636765,,
2022-01-23 10:00:00,0.0,1.0010582,,
2022-01-23 11:00:00,0.0,0.7084641,,
2022-01-23 12:00:00,0.3,0.53744805,,
2022-01-23 13:00:00,0.3,0.390016,,
2022-01-23 14:00:00,0.3,0.37299985,,
2022-01-23 15:00:00,0.3,0.44493788,,
2022-01-23 16:00:00,0.3,0.48770174,,
2022-01-23 17:00:00,0.3,0.4770228,,
2022-01-23 18:00:00,0.0,0.4395793,,
2022-01-23 19:00:00,0.0,0.50662994,,
2022-01-23 20:00:00,0.0,0.3890337,,
2022-01-23 21:00:00,0.6,0.42745772,,
2022-01-23 22:00:00,0.6,0.46767116,,
2022-01-23 23:00:00,0.6,0.634257,,
2022-01-24 00:00:00,0.3,0.7126542,,
2022-01-24 01:00:00,0.3,0.51198936,,
2022-01-24 02:00:00,0.3,0.7217615,,
2022-01-24 03:00:00,1.3,0.6048738,,
2022-01-24 04:00:00,1.3,0.6836066,,
2022-01-24 05:00:00,1.3,0.8198,,
2022-01-24 06:00:00,0.6,1.0133128,,
2022-01-24 07:00:00,0.6,0.7435465,,
2022-01-24 08:00:00,0.6,0.9859616,,
2022-01-24 09:00:00,1.0,1.2886889,,
2022-01-24 10:00:00,1.0,1.2257094,,
2022-01-24 11:00:00,1.0,1.0744497,,
2022-01-24 12:00:00,2.0,1.2188127,,
2022-01-24 13:00:00,2.0,1.2620418,,
2022-01-24 14:00:00,2.0,1.1819164,,
2022-01-24 15:00:00,2.3,1.5933211,,
2022-01-24 16:00:00,2.3,1.7342074,,
2022-01-24 17:00:00,2.3,1.7691479,,
2022-01-24 18:00:00,2.6,1.5895164,,
2022-01-24 19:00:00,2.6,1.8249886,,
2022-01-24 20:00:00,2.6,1.6715599,,
2022-01-24 21:00:00,3.0,1.802825,,
2022-01-24 22:00:00,3.0,1.6403488,,
2022-01-24 23:00:00,3.0,2.244336,,
2022-01-25 00:00:00,2.6,2.5122933,,
2022-01-25 01:00:00,2.6,2.7477396,,
2022-01-25 02:00:00,2.6,3.290107,,
2022-01-25 03:00:00,2.6,2.92127,,
2022-01-25 04:00:00,2.6,3.0622544,,
2022-01-25 05:00:00,2.6,2.49574,,
2022-01-25 06:00:00,3.3,1.8237841,,
2022-01-25 07:00:00,3.3,1.6625592,,
2022-01-25 08:00:00,3.3,2.0873365,,
2022-01-25 09:00:00,2.6,2.6767478,,
2022-01-25 10:00:00,2.6,2.9026947,,
2022-01-25 11:00:00,2.6,2.3387294,,
2022-01-25 12:00:00,3.3,2.4035668,,
2022-01-25 13:00:00,3.3,2.0338762,,
2022-01-25 14:00:00,3.3,2.4467068,,
2022-01-25 15:00:00,1.6,1.5361515,,
2022-01-25 16:00:00,1.6,1.4257286,,
2022-01-25 17:00:00,1.6,1.416694,,
2022-01-25 18:00:00,2.3,1.3418332,,
2022-01-25 19:00:00,2.3,1.8111368,,
2022-01-25 20:00:00,2.3,1.6154207,,
2022-01-25 21:00:00,2.3,1.4550204,,
2022-01-25 22:00:00,2.3,1.3653065,,
2022-01-25 23:00:00,2.3,1.7542899,,
2022-01-26 00:00:00,2.6,1.7903475,,
2022-01-26 01:00:00,2.6,1.8848165,,
2022-01-26 02:00:00,2.6,1.7629588,,
2022-01-26 03:00:00,1.6,1.2888782,,
2022-01-26 04:00:00,1.6,2.0910888,,
2022-01-26 05:00:00,1.6,1.4660895,,
2022-01-26 06:00:00,2.6,1.5609943,,
2022-01-26 07:00:00,2.6,1.7806412,,
2022-01-26 08:00:00,2.6,1.5236803,,
2022-01-26 09:00:00,2.3,1.8675038,,
2022-01-26 10:00:00,2.3,1.6299915,,
2022-01-26 11:00:00,2.3,1.7622439,,
2022-01-26 12:00:00,3.0,1.288316,,
2022-01-26 13:00:00,3.0,1.8518229,,
2022-01-26 14:00:00,3.0,1.6089258,,
2022-01-26 15:00:00,0.6,1.5491104,,
2022-01-26 16:00:00,0.6,1.9014114,,
2022-01-26 17:00:00,0.6,1.8534682,,
2022-01-26 18:00:00,0.6,1.7713034,,
2022-01-26 19:00:00,0.6,1.8054192,,
2022-01-26 20:00:00,0.6,1.777471,,
2022-01-26 21:00:00,0.6,1.4420835,,
2022-01-26 22:00:00,0.6,1.1794429,,
2022-01-26 23:00:00,0.6,1.2109334,,
2022-01-27 00:00:00,1.0,1.4196186,,
2022-01-27 01:00:00,1.0,1.4629505,,
2022-01-27 02:00:00,1.0,1.4180672,,
2022-01-27 03:00:00,2.0,1.4209241,,
2022-01-27 04:00:00,2.0,1.5742291,,
2022-01-27 05:00:00,2.0,1.5476903,,
2022-01-27 06:00:00,1.3,1.4327223,,
2022-01-27 07:00:00,1.3,1.5058916,,
2022-01-27 08:00:00,1.3,1.4277173,,
2022-01-27 09:00:00,3.0,1.625282,,
2022-01-27 10:00:00,3.0,1.7065748,,
2022-01-27 11:00:00,3.0,1.6842054,,
2022-01-27 12:00:00,2.6,1.95845,,
2022-01-27 13:00:00,2.6,2.154886,,
2022-01-27 14:00:00,2.6,1.9078621,,
2022-01-27 15:00:00,1.3,1.8437579,,
2022-01-27 16:00:00,1.3,1.7939298,,
2022-01-27 17:00:00,1.3,1.7773552,,
2022-01-27 18:00:00,1.6,1.8138958,,
2022-01-27 19:00:00,1.6,1.4736812,,
2022-01-27 20:00:00,1.6,1.4821186,,
2022-01-27 21:00:00,1.6,1.2405846,,
2022-01-27 22:00:00,1.6,1.3281486,,
2022-01-27 23:00:00,1.6,1.48645,,
2022-01-28 00:00:00,1.3,1.6269007,,
2022-01-28 01:00:00,1.3,1.3810496,,
2022-01-28 02:00:00,1.3,1.2939054,,
2022-01-28 03:00:00,1.0,0.985974,,
2022-01-28 04:00:00,1.0,1.0318075,,
2022-01-28 05:00:00,1.0,0.96267414,,
2022-01-28 06:00:00,0.6,1.0375144,,
2022-01-28 07:00:00,0.6,1.0453651,,
2022-01-28 08:00:00,0.6,1.0498846,,
2022-01-28 09:00:00,1.6,0.57849586,,
2022-01-28 10:00:00,1.6,0.80421674,,
2022-01-28 11:00:00,1.6,1.3458431,,
2022-01-28 12:00:00,3.6,1.2423853,,
2022-01-28 13:00:00,3.6,1.2720608,,
2022-01-28 14:00:00,3.6,1.5784315,,
2022-01-28 15:00:00,4.0,2.5518682,,
2022-01-28 16:00:00,4.0,2.4043987,,
2022-01-28 17:00:00,4.0,1.9632711,,
2022-01-28 18:00:00,4.0,1.3001118,,
2022-01-28 19:00:00,4.0,1.7282972,,
2022-01-28 20:00:00,4.0,2.4777572,,
2022-01-28 21:00:00,3.0,2.0971112,,
2022-01-28 22:00:00,3.0,2.4062717,,
2022-01-28 23:00:00,3.0,1.9349415,,
2022-01-29 00:00:00,3.0,1.9624102,,
2022-01-29 01:00:00,3.0,2.235312,,
2022-01-29 02:00:00,3.0,2.229013,,
2022-01-29 03:00:00,3.6,2.4948618,,
2022-01-29 04:00:00,3.6,2.1365943,,
2022-01-29 05:00:00,3.6,2.380882,,
2022-01-29 06:00:00,0.6,2.5675588,,
2022-01-29 07:00:00,0.6,2.4449866,,
2022-01-29 08:00:00,0.6,2.16165,,
2022-01-29 09:00:00,0.6,2.0027432,,
2022-01-29 10:00:00,0.6,1.6980927,,
2022-01-29 11:00:00,0.6,1.5662352,,
2022-01-29 12:00:00,1.0,1.6670816,,
2022-01-29 13:00:00,1.0,1.6028459,,
2022-01-29 14:00:00,1.0,1.6023299,,
2022-01-29 15:00:00,2.3,1.2517099,,
2022-01-29 16:00:00,2.3,1.5798286,,
2022-01-29 17:00:00,2.3,1.6688982,,
2022-01-29 18:00:00,2.6,1.4069031,,
2022-01-29 19:00:00,2.6,1.4848847,,
2022-01-29 20:00:00,2.6,1.4413884,,
2022-01-29 21:00:00,3.0,1.5286332,,
2022-01-29 22:00:00,3.0,1.7920806,,
2022-01-29 23:00:00,3.0,1.7755867,,
2022-01-30 00:00:00,2.0,1.761061,,
2022-01-30 01:00:00,2.0,1.812837,,
2022-01-30 02:00:00,2.0,1.7423674,,
2022-01-30 03:00:00,2.6,1.5437468,,
2022-01-30 04:00:00,2.6,1.6268587,,
2022-01-30 05:00:00,2.6,1.5293826,,
2022-01-30 06:00:00,1.6,1.3659799,,
2022-01-30 07:00:00,1.6,1.5580417,,
2022-01-30 08:00:00,1.6,1.2315055,,
2022-01-30 09:00:00,1.6,1.2888596,,
2022-01-30 10:00:00,1.6,1.280843,,
2022-01-30 11:00:00,1.6,1.1706831,,
2022-01-30 12:00:00,3.0,1.0862122,,
2022-01-30 13:00:00,3.0,0.9555767,,
2022-01-30 14:00:00,3.0,1.270746,,
2022-01-30 15:00:00,2.6,1.6157147,,
2022-01-30 16:00:00,2.6,1.5654837,,
2022-01-30 17:00:00,2.6,1.5869194,,
2022-01-30 18:00:00,2.6,1.5839223,,
2022-01-30 19:00:00,2.6,1.6846317,,
2022-01-30 20:00:00,2.6,1.7241036,,
2022-01-30 21:00:00,1.6,1.5647779,,
2022-01-30 22:00:00,1.6,1.5467469,,
2022-01-30 23:00:00,1.6,1.7110211,,
2022-01-31 00:00:00,3.0,1.5716414,,
2022-01-31 01:00:00,3.0,1.534557,,
2022-01-31 02:00:00,3.0,1.4471929,,
2022-01-31 03:00:00,1.6,1.716987,,
2022-01-31 04:00:00,1.6,1.7186949,,
2022-01-31 05:00:00,1.6,1.6442025,,
2022-01-31 06:00:00,2.3,1.4361749,,
2022-01-31 07:00:00,2.3,1.5295058,,
2022-01-31 08:00:00,2.3,1.7176043,,
2022-01-31 09:00:00,1.3,1.6914155,,
2022-01-31 10:00:00,1.3,1.6134847,,
2022-01-31 11:00:00,1.3,1.4673221,,
2022-01-31 12:00:00,2.0,1.2973809,,
2022-01-31 13:00:00,2.0,1.0960622,,
2022-01-31 14:00:00,2.0,1.3493948,,
2022-01-31 15:00:00,1.6,1.2583315,,
2022-01-31 16:00:00,1.6,1.3500603,,
2022-01-31 17:00:00,1.6,1.1345648,,
2022-01-31 18:00:00,1.6,1.2779592,,
2022-01-31 19:00:00,1.6,1.6086121,,
2022-01-31 20:00:00,1.6,1.4687951,,
2022-01-31 21:00:00,0.6,1.3099704,,
2022-01-31 22:00:00,0.6,1.0476267,,
2022-01-31 23:00:00,0.6,1.4717176,,
2022-02-01 00:00:00,0.6,1.4607317,,
2022-02-01 01:00:00,0.6,1.2587416,,
2022-02-01 02:00:00,0.6,1.1195898,,
2022-02-01 03:00:00,1.3,1.256009,,
2022-02-01 04:00:00,1.3,0.95770454,,
2022-02-01 05:00:00,1.3,1.1506064,,
2022-02-01 06:00:00,0.6,1.3872378,,
2022-02-01 07:00:00,0.6,1.0318075,,
2022-02-01 08:00:00,0.6,0.80335224,,
2022-02-01 09:00:00,0.3,0.7262945,,
2022-02-01 10:00:00,0.3,0.97027504,,
2022-02-01 11:00:00,3.3,0.7570189,,
2022-02-01 12:00:00,3.3,0.73773175,,
2022-02-01 13:00:00,3.3,0.50124395,,
2022-02-01 14:00:00,4.0,0.51533234,,
2022-02-01 15:00:00,4.0,1.5724176,,
2022-02-01 16:00:00,4.0,3.1737254,,
2022-02-01 17:00:00,2.6,2.40352,,
2022-02-01 18:00:00,2.6,2.3462548,,
2022-02-01 19:00:00,2.6,2.5883198,,
2022-02-01 20:00:00,0.6,1.8493207,,
2022-02-01 21:00:00,0.6,1.9849443,,
2022-02-01 22:00:00,0.6,1.8788112,,
2022-02-01 23:00:00,0.3,1.4811542,,
2022-02-02 00:00:00,0.3,1.5409735,,
2022-02-02 01:00:00,0.3,1.3419466,,
2022-02-02 02:00:00,1.6,1.530956,,
2022-02-02 03:00:00,1.6,1.8698683,,
2022-02-02 04:00:00,1.6,1.6482046,,
2022-02-02 05:00:00,3.6,1.573902,,
2022-02-02 06:00:00,3.6,1.4213636,,
2022-02-02 07:00:00,3.6,1.88724,,
2022-02-02 08:00:00,1.6,2.70502,,
2022-02-02 09:00:00,1.6,2.2205622,,
2022-02-02 10:00:00,1.6,0.7944696,,
2022-02-02 11:00:00,1.3,1.0318075,,
2022-02-02 12:00:00,1.3,1.0318075,,
2022-02-02 13:00:00,1.3,1.2195535,,
2022-02-02 14:00:00,2.0,1.501929,,
2022-02-02 15:00:00,2.0,1.193858,,
2022-02-02 16:00:00,2.0,1.3768711,,
2022-02-02 17:00:00,4.3,1.7508028,,
2022-02-02 18:00:00,4.3,1.811936,,
2022-02-02 19:00:00,4.3,2.5447478,,
2022-02-02 20:00:00,5.0,2.5711915,,
2022-02-02 21:00:00,5.0,3.164429,,
2022-02-02 22:00:00,5.0,3.5605965,,
2022-02-02 23:00:00,5.3,3.813422,,
2022-02-03 00:00:00,5.3,4.026644,,
2022-02-03 01:00:00,5.3,4.340125,,
2022-02-03 02:00:00,4.0,4.24872,,
2022-02-03 03:00:00,4.0,4.2161627,,
2022-02-03 04:00:00,4.0,3.36567,,
2022-02-03 05:00:00,3.0,2.6508982,,
2022-02-03 06:00:00,3.0,2.8718474,,
2022-02-03 07:00:00,3.0,2.123505,,
2022-02-03 08:00:00,3.0,1.7874645,,
2022-02-03 09:00:00,3.0,1.5610003,,
2022-02-03 10:00:00,3.0,1.7906969,,
2022-02-03 11:00:00,2.6,1.6852169,,
2022-02-03 12:00:00,2.6,1.644054,,
2022-02-03 13:00:00,2.6,1.6018978,,
2022-02-03 14:00:00,4.0,1.7005103,,
2022-02-03 15:00:00,4.0,1.5765872,,
2022-02-03 16:00:00,4.0,1.7544181,,
2022-02-03 17:00:00,4.0,3.3675227,,
2022-02-03 18:00:00,4.0,3.2782655,,
2022-02-03 19:00:00,4.0,2.9034002,,
2022-02-03 20:00:00,3.6,2.7527485,,
2022-02-03 21:00:00,3.6,2.3608973,,
2022-02-03 22:00:00,3.6,2.750265,,
2022-02-03 23:00:00,3.6,3.1548991,,
2022-02-04 00:00:00,3.6,3.3163934,,
2022-02-04 01:00:00,3.6,3.4290512,,
2022-02-04 02:00:00,4.0,3.6022286,,
2022-02-04 03:00:00,4.0,3.4323277,,
2022-02-04 04:00:00,4.0,3.5471973,,
2022-02-04 05:00:00,5.3,3.0837677,,
2022-02-04 06:00:00,5.3,3.3247623,,
2022-02-04 07:00:00,5.3,3.042538,,
2022-02-04 08:00:00,5.0,2.392268,,
2022-02-04 09:00:00,5.0,2.5123827,,
2022-02-04 10:00:00,5.0,3.110629,,
2022-02-04 11:00:00,4.0,3.2395158,,
2022-02-04 12:00:00,4.0,3.0736566,,
2022-02-04 13:00:00,4.0,3.0142434,,
2022-02-04 14:00:00,2.6,1.6954349,,
2022-02-04 15:00:00,2.6,1.6906964,,
2022-02-04 16:00:00,2.6,1.6832821,,
2022-02-04 17:00:00,3.0,1.5240917,,
2022-02-04 18:00:00,3.0,1.5751165,,
2022-02-04 19:00:00,3.0,1.6894448,,
2022-02-04 20:00:00,2.0,1.6242626,,
2022-02-04 21:00:00,2.0,1.8965065,,
2022-02-04 22:00:00,2.0,1.8749504,,
2022-02-04 23:00:00,2.3,1.474313,,
2022-02-05 00:00:00,2.3,1.7166868,,
2022-02-05 01:00:00,2.3,2.238532,,
2022-02-05 02:00:00,3.0,2.149613,,
2022-02-05 03:00:00,3.0,1.847193,,
2022-02-05 04:00:00,3.0,1.6356837,,
2022-02-05 05:00:00,2.6,1.7054613,,
2022-02-05 06:00:00,2.6,2.109281,,
2022-02-05 07:00:00,2.6,2.162625,,
2022-02-05 08:00:00,2.6,2.0375445,,
2022-02-05 09:00:00,2.6,2.0174224,,
2022-02-05 10:00:00,2.6,2.4734466,,
2022-02-05 11:00:00,1.6,2.3066697,,
2022-02-05 12:00:00,1.6,2.0749018,,
2022-02-05 13:00:00,1.6,2.0956142,,
2022-02-05 14:00:00,3.6,1.9002765,,
2022-02-05 15:00:00,3.6,2.0341108,,
2022-02-05 16:00:00,3.6,2.3949382,,
2022-02-05 17:00:00,3.0,2.3581116,,
2022-02-05 18:00:00,3.0,2.191067,,
2022-02-05 19:00:00,3.0,2.1651053,,
2022-02-05 20:00:00,2.6,2.3214865,,
2022-02-05 21:00:00,2.6,2.3429122,,
2022-02-05 22:00:00,2.6,2.1953063,,
2022-02-05 23:00:00,3.0,2.187199,,
2022-02-06 00:00:00,3.0,2.058593,,
2022-02-06 01:00:00,3.0,2.025072,,
2022-02-06 02:00:00,3.0,2.1334996,,
2022-02-06 03:00:00,3.0,1.5999485,,
2022-02-06 04:00:00,3.0,1.6078802,,
2022-02-06 05:00:00,1.6,2.0389812,,
2022-02-06 06:00:00,1.6,1.7420714,,
2022-02-06 07:00:00,1.6,1.7187779,,
2022-02-06 08:00:00,2.6,1.668814,,
2022-02-06 09:00:00,2.6,1.5987421,,
2022-02-06 10:00:00,2.6,1.6336515,,
2022-02-06 11:00:00,2.6,2.0893564,,
2022-02-06 12:00:00,2.6,1.8261566,,
2022-02-06 13:00:00,2.6,2.06043,,
2022-02-06 14:00:00,2.3,1.7946131,,
2022-02-06 15:00:00,2.3,1.6217194,,
2022-02-06 16:00:00,2.3,1.707536,,
2022-02-06 17:00:00,1.3,1.4160473,,
2022-02-06 18:00:00,1.3,1.4587244,,
2022-02-06 19:00:00,1.3,1.4799861,,
2022-02-06 20:00:00,1.0,1.413273,,
2022-02-06 21:00:00,1.0,1.3067912,,
2022-02-06 22:00:00,1.0,1.2877963,,
2022-02-06 23:00:00,1.6,1.1362346,,
2022-02-07 00:00:00,1.6,1.1179581,,
2022-02-07 01:00:00,1.6,1.0318075,,
2022-02-07 02:00:00,1.0,1.320722,,
2022-02-07 03:00:00,1.0,1.55022,,
2022-02-07 04:00:00,1.0,1.3296279,,
2022-02-07 05:00:00,2.3,1.0669484,,
2022-02-07 06:00:00,2.3,1.082088,,
2022-02-07 07:00:00,2.3,1.0523139,,
2022-02-07 08:00:00,1.3,1.345595,,
2022-02-07 09:00:00,1.3,1.115416,,
2022-02-07 10:00:00,1.3,0.9602151,,
2022-02-07 11:00:00,2.0,0.9890901,,
2022-02-07 12:00:00,2.0,0.91451705,,
2022-02-07 13:00:00,2.0,0.9714657,,
2022-02-07 14:00:00,1.3,1.0247118,,
2022-02-07 15:00:00,1.3,1.0622159,,
2022-02-07 16:00:00,1.3,1.0107414,,
2022-02-07 17:00:00,0.3,0.97530997,,
2022-02-07 18:00:00,0.3,0.9036134,,
2022-02-07 19:00:00,0.3,0.82177514,,
2022-02-07 20:00:00,0.6,0.91451204,,
2022-02-07 21:00:00,0.6,0.78152174,,
2022-02-07 22:00:00,0.6,0.7160404,,
2022-02-07 23:00:00,0.6,0.79432786,,
2022-02-08 00:00:00,0.6,0.87344325,,
2022-02-08 01:00:00,0.6,1.0200769,,
2022-02-08 02:00:00,1.0,1.1465237,,
2022-02-08 03:00:00,1.0,1.1082578,,
2022-02-08 04:00:00,1.0,1.0395432,,
2022-02-08 05:00:00,1.3,0.9846064,,
2022-02-08 06:00:00,1.3,0.960632,,
2022-02-08 07:00:00,1.3,0.9042727,,
2022-02-08 08:00:00,2.0,1.0937816,,
2022-02-08 09:00:00,2.0,1.131601,,
2022-02-08 10:00:00,2.0,1.1112258,,
2022-02-08 11:00:00,1.0,1.003912,,
2022-02-08 12:00:00,1.0,1.0318075,,
2022-02-08 13:00:00,1.0,1.0345262,,
2022-02-08 14:00:00,0.3,0.9892289,,
2022-02-08 15:00:00,0.3,1.0318075,,
2022-02-08 16:00:00,0.3,0.8357051,,
2022-02-08 17:00:00,0.0,0.8081784,,
2022-02-08 18:00:00,0.0,0.6177405,,
2022-02-08 19:00:00,0.0,0.54568267,,
2022-02-08 20:00:00,0.0,0.680342,,
2022-02-08 21:00:00,0.0,0.5407723,,
2022-02-08 22:00:00,0.0,0.54809827,,
2022-02-08 23:00:00,0.3,0.659555,,
2022-02-09 00:00:00,0.3,0.7508918,,
2022-02-09 01:00:00,0.3,0.7201941,,
2022-02-09 02:00:00,0.3,0.5524419,,
2022-02-09 03:00:00,0.3,0.6370982,,
2022-02-09 04:00:00,0.3,0.5425604,,
2022-02-09 05:00:00,0.0,0.49307328,,
2022-02-09 06:00:00,0.0,0.53953856,,
2022-02-09 07:00:00,0.0,0.4971775,,
2022-02-09 08:00:00,0.0,0.41492778,,
2022-02-09 09:00:00,0.0,0.52834725,,
2022-02-09 10:00:00,0.0,0.533676,,
2022-02-09 11:00:00,2.0,0.60350007,,
2022-02-09 12:00:00,2.0,0.56748873,,
2022-02-09 13:00:00,2.0,0.505644,,
2022-02-09 14:00:00,2.6,1.2842827,,
2022-02-09 15:00:00,2.6,1.4109805,,
2022-02-09 16:00:00,2.6,1.6596931,,
2022-02-09 17:00:00,2.6,1.9253705,,
2022-02-09 18:00:00,2.6,2.1077936,,
2022-02-09 19:00:00,2.6,1.9348984,,
2022-02-09 20:00:00,2.0,2.0986571,,
2022-02-09 21:00:00,2.0,1.5541022,,
2022-02-09 22:00:00,2.0,1.363561,,
2022-02-09 23:00:00,2.0,1.7234428,,
2022-02-10 00:00:00,2.0,2.3143096,,
2022-02-10 01:00:00,2.0,2.4335184,,
2022-02-10 02:00:00,2.6,1.3276191,,
2022-02-10 03:00:00,2.6,1.5009696,,
2022-02-10 04:00:00,2.6,2.1472034,,
2022-02-10 05:00:00,4.6,1.4299242,,
2022-02-10 06:00:00,4.6,1.9041264,,
2022-02-10 07:00:00,4.6,3.0858788,,
2022-02-10 08:00:00,5.0,4.104802,,
2022-02-10 09:00:00,5.0,4.075895,,
2022-02-10 10:00:00,5.0,3.8598168,,
2022-02-10 11:00:00,4.3,3.7031898,,
2022-02-10 12:00:00,4.3,3.4024796,,
2022-02-10 13:00:00,4.3,3.0686874,,
2022-02-10 14:00:00,4.0,2.5659454,,
2022-02-10 15:00:00,4.0,3.0058925,,
2022-02-10 16:00:00,4.0,2.7146783,,
2022-02-10 17:00:00,3.0,2.2754593,,
2022-02-10 18:00:00,3.0,1.849324,,
2022-02-10 19:00:00,3.0,2.0200515,,
2022-02-10 20:00:00,2.0,2.3104472,,
2022-02-10 21:00:00,2.0,0.9502648,,
2022-02-10 22:00:00,2.0,0.6205005,,
2022-02-10 23:00:00,4.0,0.52460635,,
2022-02-11 00:00:00,4.0,1.2080301,,
2022-02-11 01:00:00,4.0,0.42690587,,
2022-02-11 02:00:00,1.3,0.33686835,,
2022-02-11 03:00:00,1.3,1.3352454,,
2022-02-11 04:00:00,1.3,1.03486,,
2022-02-11 05:00:00,2.6,0.49139777,,
2022-02-11 06:00:00,2.6,0.3835218,,
2022-02-11 07:00:00,2.6,0.57243836,,
2022-02-11 08:00:00,4.3,0.9400198,,
2022-02-11 09:00:00,4.3,1.7233645,,
2022-02-11 10:00:00,4.3,2.126934,,
2022-02-11 11:00:00,4.0,2.9266608,,
2022-02-11 12:00:00,4.0,3.199819,,
2022-02-11 13:00:00,4.0,3.6206927,,
2022-02-11 14:00:00,3.3,2.8767881,,
2022-02-11 15:00:00,3.3,2.780641,,
2022-02-11 16:00:00,3.3,2.173319,,
2022-02-11 17:00:00,3.0,2.2343888,,
2022-02-11 18:00:00,3.0,2.2006907,,
2022-02-11 19:00:00,3.0,2.1270103,,
2022-02-11 20:00:00,2.3,2.1075122,,
2022-02-11 21:00:00,2.3,2.079393,,
2022-02-11 22:00:00,2.3,2.0696034,,
2022-02-11 23:00:00,1.6,2.1735196,,
2022-02-12 00:00:00,1.6,2.54883,,
2022-02-12 01:00:00,1.6,2.2676682,,
2022-02-12 02:00:00,2.6,2.2912028,,
2022-02-12 03:00:00,2.6,2.1048703,,
2022-02-12 04:00:00,2.6,2.119911,,
2022-02-12 05:00:00,2.6,2.2128074,,
2022-02-12 06:00:00,2.6,2.1170928,,
2022-02-12 07:00:00,2.6,2.2599974,,
2022-02-12 08:00:00,3.3,2.1265838,,
2022-02-12 09:00:00,3.3,2.10094,,
2022-02-12 10:00:00,3.3,2.1136785,,
2022-02-12 11:00:00,3.0,2.110862,,
2022-02-12 12:00:00,3.0,2.0975041,,
2022-02-12 13:00:00,3.0,2.2032871,,
2022-02-12 14:00:00,3.6,2.040801,,
2022-02-12 15:00:00,3.6,2.1247163,,
2022-02-12 16:00:00,3.6,2.0935068,,
2022-02-12 17:00:00,3.0,2.1045756,,
2022-02-12 18:00:00,3.0,2.0452442,,
2022-02-12 19:00:00,3.0,2.0391681,,
2022-02-12 20:00:00,2.3,2.0166726,,
2022-02-12 21:00:00,2.3,2.134666,,
2022-02-12 22:00:00,2.3,2.0807617,,
2022-02-12 23:00:00,2.6,2.1293344,,
2022-02-13 00:00:00,2.6,2.034061,,
2022-02-13 01:00:00,2.6,1.8123583,,
2022-02-13 02:00:00,3.0,1.8717598,,
2022-02-13 03:00:00,3.0,2.011596,,
2022-02-13 04:00:00,3.0,1.7878643,,
2022-02-13 05:00:00,3.3,1.7299974,,
2022-02-13 06:00:00,3.3,1.7277176,,
2022-02-13 07:00:00,3.3,1.6070735,,
2022-02-13 08:00:00,2.3,1.5219855,,
2022-02-13 09:00:00,2.3,1.5086921,,
2022-02-13 10:00:00,2.3,1.5467954,,
2022-02-13 11:00:00,3.0,1.4759676,,
2022-02-13 12:00:00,3.0,1.73883,,
2022-02-13 13:00:00,3.0,1.8160868,,
2022-02-13 14:00:00,2.6,1.6820736,,
2022-02-13 15:00:00,2.6,1.5961643,,
2022-02-13 16:00:00,2.6,1.4399813,,
2022-02-13 17:00:00,1.6,1.6881616,,
2022-02-13 18:00:00,1.6,1.6463754,,
2022-02-13 19:00:00,1.6,1.5849205,,
2022-02-13 20:00:00,2.3,1.512108,,
2022-02-13 21:00:00,2.3,1.2525233,,
2022-02-13 22:00:00,2.3,1.189354,,
2022-02-13 23:00:00,1.6,1.5040038,,
2022-02-14 00:00:00,1.6,1.5035691,,
2022-02-14 01:00:00,1.6,1.4037377,,
2022-02-14 02:00:00,1.3,1.5850663,,
2022-02-14 03:00:00,1.3,1.4391516,,
2022-02-14 04:00:00,1.3,1.3243493,,
2022-02-14 05:00:00,2.0,1.5214012,,
2022-02-14 06:00:00,2.0,1.2432269,,
2022-02-14 07:00:00,2.0,1.2065495,,
2022-02-14 08:00:00,1.3,1.0318075,,
2022-02-14 09:00:00,1.3,0.8956854,,
2022-02-14 10:00:00,1.3,1.0304054,,
2022-02-14 11:00:00,0.6,0.77779853,,
2022-02-14 12:00:00,0.6,0.7537146,,
2022-02-14 13:00:00,0.6,0.9884818,,
2022-02-14 14:00:00,2.0,0.8406479,,
2022-02-14 15:00:00,2.0,0.74794173,,
2022-02-14 16:00:00,2.0,0.79942125,,
2022-02-14 17:00:00,2.0,0.8606639,,
2022-02-14 18:00:00,2.0,1.1034032,,
2022-02-14 19:00:00,2.0,1.0769633,,
2022-02-14 20:00:00,0.6,0.95106065,,
2022-02-14 21:00:00,0.6,0.8526139,,
2022-02-14 22:00:00,0.6,0.75699896,,
2022-02-14 23:00:00,0.6,0.64683425,,
2022-02-15 00:00:00,0.6,0.7320592,,
2022-02-15 01:00:00,0.6,0.6658801,,
2022-02-15 02:00:00,0.6,0.6603004,,
2022-02-15 03:00:00,0.6,0.64652807,,
2022-02-15 04:00:00,0.6,0.6713879,,
2022-02-15 05:00:00,0.6,0.6660805,,
2022-02-15 06:00:00,0.6,0.8421796,,
2022-02-15 07:00:00,0.6,0.98048985,,
2022-02-15 08:00:00,0.3,0.99914503,,
2022-02-15 09:00:00,0.3,0.99685323,,
2022-02-15 10:00:00,0.3,0.8857355,,
2022-02-15 11:00:00,0.3,0.74557143,,
2022-02-15 12:00:00,0.3,0.52774554,,
2022-02-15 13:00:00,0.3,0.67966884,,
2022-02-15 14:00:00,1.0,0.7621708,,
2022-02-15 15:00:00,1.0,0.5958574,,
2022-02-15 16:00:00,1.0,0.7585332,,
2022-02-15 17:00:00,2.0,0.8411826,,
2022-02-15 18:00:00,2.0,0.90282965,,
2022-02-15 19:00:00,2.0,1.0086133,,
2022-02-15 20:00:00,1.6,1.0559343,,
2022-02-15 21:00:00,1.6,1.0914044,,
2022-02-15 22:00:00,1.6,0.9492403,,
2022-02-15 23:00:00,1.3,1.1328814,,
2022-02-16 00:00:00,1.3,0.8884684,,
2022-02-16 01:00:00,1.3,0.8622036,,
2022-02-16 02:00:00,2.3,1.4649756,,
2022-02-16 03:00:00,2.3,0.9133314,,
2022-02-16 04:00:00,2.3,1.1866078,,
2022-02-16 05:00:00,2.6,0.80091256,,
2022-02-16 06:00:00,2.6,1.2274085,,
2022-02-16 07:00:00,2.6,1.3413429,,
2022-02-16 08:00:00,3.0,1.4282756,,
2022-02-16 09:00:00,3.0,1.9500996,,
2022-02-16 10:00:00,3.0,1.4207082,,
2022-02-16 11:00:00,2.6,1.4215211,,
2022-02-16 12:00:00,2.6,1.658563,,
2022-02-16 13:00:00,2.6,1.4521561,,
2022-02-16 14:00:00,2.3,1.7530912,,
2022-02-16 15:00:00,2.3,1.7353508,,
2022-02-16 16:00:00,2.3,1.3569158,,
2022-02-16 17:00:00,1.3,0.7196723,,
2022-02-16 18:00:00,1.3,0.77334607,,
2022-02-16 19:00:00,1.3,0.94805133,,
2022-02-16 20:00:00,1.0,0.9398395,,
2022-02-16 21:00:00,1.0,0.99732953,,
2022-02-16 22:00:00,1.0,0.8724127,,
2022-02-16 23:00:00,1.0,0.8386463,,
2022-02-17 00:00:00,1.0,0.79347044,,
2022-02-17 01:00:00,1.0,0.6388604,,
2022-02-17 02:00:00,1.0,0.528159,,
2022-02-17 03:00:00,1.0,0.64420587,,
2022-02-17 04:00:00,1.0,0.68081146,,
2022-02-17 05:00:00,0.0,0.58718383,,
2022-02-17 06:00:00,0.0,0.46539345,,
2022-02-17 07:00:00,0.0,0.37887868,,
2022-02-17 08:00:00,1.0,0.54069626,,
2022-02-17 09:00:00,1.0,0.47134256,,
2022-02-17 10:00:00,1.0,0.63592976,,
2022-02-17 11:00:00,1.3,0.6153486,,
2022-02-17 12:00:00,1.3,0.52292764,,
2022-02-17 13:00:00,1.3,0.53852516,,
2022-02-17 14:00:00,0.0,0.47906813,,
2022-02-17 15:00:00,0.0,0.50366575,,
2022-02-17 16:00:00,0.0,0.52798116,,
2022-02-17 17:00:00,0.0,0.5831347,,
2022-02-17 18:00:00,0.0,0.38927728,,
2022-02-17 19:00:00,0.0,0.4380332,,
2022-02-17 20:00:00,1.3,0.44490248,,
2022-02-17 21:00:00,1.3,0.5812619,,
2022-02-17 22:00:00,1.3,0.6239439,,
2022-02-17 23:00:00,1.3,0.7402202,,
2022-02-18 00:00:00,1.3,1.145724,,
2022-02-18 01:00:00,1.3,1.0140834,,
2022-02-18 02:00:00,1.6,1.185644,,
2022-02-18 03:00:00,1.6,1.3496809,,
2022-02-18 04:00:00,1.6,1.0310785,,
2022-02-18 05:00:00,1.6,1.2806535,,
2022-02-18 06:00:00,1.6,1.6104696,,
2022-02-18 07:00:00,1.6,1.6011823,,
2022-02-18 08:00:00,2.6,1.0160654,,
2022-02-18 09:00:00,2.6,0.97905093,,
2022-02-18 10:00:00,2.6,1.9753145,,
2022-02-18 11:00:00,2.0,2.2620702,,
2022-02-18 12:00:00,2.0,2.1508348,,
2022-02-18 13:00:00,2.0,1.9837128,,
2022-02-18 14:00:00,2.3,1.8337774,,
2022-02-18 15:00:00,2.3,1.3608439,,
2022-02-18 16:00:00,2.3,1.3937658,,
2022-02-18 17:00:00,2.6,1.3250386,,
2022-02-18 18:00:00,2.6,1.3145556,,
2022-02-18 19:00:00,2.6,0.98088276,,
2022-02-18 20:00:00,1.3,2.0037203,,
2022-02-18 21:00:00,1.3,1.9268649,,
2022-02-18 22:00:00,1.3,1.9699965,,
2022-02-18 23:00:00,1.3,1.9687061,,
2022-02-19 00:00:00,1.3,1.8675821,,
2022-02-19 01:00:00,1.3,1.5601329,,
2022-02-19 02:00:00,2.0,1.3202958,,
2022-02-19 03:00:00,2.0,1.9089682,,
2022-02-19 04:00:00,2.0,2.1527562,,
2022-02-19 05:00:00,2.6,1.8180021,,
2022-02-19 06:00:00,2.6,1.5893097,,
2022-02-19 07:00:00,2.6,1.5880669,,
2022-02-19 08:00:00,1.3,2.4220243,,
2022-02-19 09:00:00,1.3,2.325593,,
2022-02-19 10:00:00,1.3,1.8795449,,
2022-02-19 11:00:00,2.3,1.4590795,,
2022-02-19 12:00:00,2.3,1.3952438,,
2022-02-19 13:00:00,2.3,1.6994953,,
2022-02-19 14:00:00,4.6,1.8926634,,
2022-02-19 15:00:00,4.6,2.357428,,
2022-02-19 16:00:00,4.6,2.3974519,,
2022-02-19 17:00:00,3.3,3.2141635,,
2022-02-19 18:00:00,3.3,3.0136285,,
2022-02-19 19:00:00,3.3,3.2102723,,
2022-02-19 20:00:00,2.3,2.397638,,
2022-02-19 21:00:00,2.3,2.0866926,,
2022-02-19 22:00:00,2.3,2.0014572,,
2022-02-19 23:00:00,1.6,1.9299192,,
2022-02-20 00:00:00,1.6,1.8432405,,
2022-02-20 01:00:00,1.6,1.8777173,,
2022-02-20 02:00:00,0.6,1.4522676,,
2022-02-20 03:00:00,0.6,1.4266341,,
2022-02-20 04:00:00,0.6,1.3391383,,
2022-02-20 05:00:00,2.0,1.3924087,,
2022-02-20 06:00:00,2.0,1.4736264,,
2022-02-20 07:00:00,2.0,1.5030916,,
2022-02-20 08:00:00,3.0,1.6220421,,
2022-02-20 09:00:00,3.0,1.6181071,,
2022-02-20 10:00:00,3.0,1.8848854,,
2022-02-20 11:00:00,1.6,1.6928198,,
2022-02-20 12:00:00,1.6,1.8456867,,
2022-02-20 13:00:00,1.6,1.8679559,,
2022-02-20 14:00:00,0.6,1.6074336,,
2022-02-20 15:00:00,0.6,1.4568745,,
2022-02-20 16:00:00,0.6,1.201728,,
2022-02-20 17:00:00,0.6,1.1140163,,
2022-02-20 18:00:00,0.6,1.1768055,,
2022-02-20 19:00:00,0.6,1.6496865,,
2022-02-20 20:00:00,2.0,1.2452809,,
2022-02-20 21:00:00,2.0,1.0238298,,
2022-02-20 22:00:00,2.0,1.2613463,,
2022-02-20 23:00:00,2.3,1.9344089,,
2022-02-21 00:00:00,2.3,2.0568848,,
2022-02-21 01:00:00,2.3,2.1986141,,
2022-02-21 02:00:00,4.0,2.014465,,
2022-02-21 03:00:00,4.0,1.9306844,,
2022-02-21 04:00:00,4.0,1.6586182,,
2022-02-21 05:00:00,2.6,1.564435,,
2022-02-21 06:00:00,2.6,2.2022758,,
2022-02-21 07:00:00,2.6,2.1129646,,
2022-02-21 08:00:00,3.0,2.0216222,,
2022-02-21 09:00:00,3.0,1.9829559,,
2022-02-21 10:00:00,3.0,1.6889544,,
2022-02-21 11:00:00,2.6,2.0820854,,
2022-02-21 12:00:00,2.6,2.200651,,
2022-02-21 13:00:00,2.6,1.915611,,
2022-02-21 14:00:00,3.0,1.9226564,,
2022-02-21 15:00:00,3.0,2.1041427,,
2022-02-21 16:00:00,3.0,2.3708088,,
2022-02-21 17:00:00,4.3,2.2606978,,
2022-02-21 18:00:00,4.3,2.2665534,,
2022-02-21 19:00:00,4.3,2.2485712,,
2022-02-21 20:00:00,4.6,2.1548944,,
2022-02-21 21:00:00,4.6,2.365889,,
2022-02-21 22:00:00,4.6,2.521354,,
2022-02-21 23:00:00,3.3,2.4953532,,
2022-02-22 00:00:00,3.3,2.3454971,,
2022-02-22 01:00:00,3.3,2.1885302,,
2022-02-22 02:00:00,2.0,2.3196425,,
2022-02-22 03:00:00,2.0,2.2585604,,
2022-02-22 04:00:00,2.0,1.8775889,,
2022-02-22 05:00:00,0.3,1.9649744,,
2022-02-22 06:00:00,0.3,1.7931331,,
2022-02-22 07:00:00,0.3,1.6752278,,
2022-02-22 08:00:00,2.0,1.4878218,,
2022-02-22 09:00:00,2.0,1.4370935,,
2022-02-22 10:00:00,2.0,1.3375989,,
2022-02-22 11:00:00,1.6,1.5122077,,
2022-02-22 12:00:00,1.6,1.704772,,
2022-02-22 13:00:00,1.6,1.4351223,,
2022-02-22 14:00:00,0.6,1.358052,,
2022-02-22 15:00:00,0.6,1.2625883,,
2022-02-22 16:00:00,0.6,1.1811051,,
2022-02-22 17:00:00,0.3,1.2113193,,
2022-02-22 18:00:00,0.3,1.0248152,,
2022-02-22 19:00:00,0.3,1.2119732,,
2022-02-22 20:00:00,2.0,1.3044258,,
2022-02-22 21:00:00,2.0,1.2109526,,
2022-02-22 22:00:00,2.0,0.7367964,,
2022-02-22 23:00:00,1.6,1.9754311,,
2022-02-23 00:00:00,1.6,1.9756231,,
2022-02-23 01:00:00,1.6,1.8560743,,
2022-02-23 02:00:00,2.0,1.1954519,,
2022-02-23 03:00:00,2.0,0.866498,,
2022-02-23 04:00:00,2.0,0.8656875,,
2022-02-23 05:00:00,2.0,1.2352586,,
2022-02-23 06:00:00,2.0,1.2044678,,
2022-02-23 07:00:00,2.0,1.7954317,,
2022-02-23 08:00:00,1.6,1.7847284,,
2022-02-23 09:00:00,1.6,1.5305336,,
2022-02-23 10:00:00,1.6,1.3490076,,
2022-02-23 11:00:00,2.3,1.4010429,,
2022-02-23 12:00:00,2.3,1.2298157,,
2022-02-23 13:00:00,2.3,1.3549246,,
2022-02-23 14:00:00,2.6,1.2615372,,
2022-02-23 15:00:00,2.6,1.2864637,,
2022-02-23 16:00:00,2.6,1.5272243,,
2022-02-23 17:00:00,3.0,1.45042,,
2022-02-23 18:00:00,3.0,1.5676497,,
2022-02-23 19:00:00,3.0,1.6895968,,
2022-02-23 20:00:00,2.3,1.4281359,,
2022-02-23 21:00:00,2.3,1.1630609,,
2022-02-23 22:00:00,2.3,1.6827118,,
2022-02-23 23:00:00,0.3,1.6672914,,
2022-02-24 00:00:00,0.3,1.2198813,,
2022-02-24 01:00:00,0.3,1.2261417,,
2022-02-24 02:00:00,0.0,1.0282576,,
2022-02-24 03:00:00,0.0,1.2297714,,
2022-02-24 04:00:00,0.0,1.1561282,,
2022-02-24 05:00:00,0.3,0.9042557,,
2022-02-24 06:00:00,0.3,0.6892077,,
2022-02-24 07:00:00,0.3,0.7353571,,
2022-02-24 08:00:00,0.0,0.911932,,
2022-02-24 09:00:00,0.0,0.6501587,,
2022-02-24 10:00:00,0.0,0.7046772,,
2022-02-24 11:00:00,1.3,0.65965194,,
2022-02-24 12:00:00,1.3,0.69862556,,
2022-02-24 13:00:00,1.3,0.8744973,,
2022-02-24 14:00:00,2.0,1.5122136,,
2022-02-24 15:00:00,2.0,1.6167755,,
2022-02-24 16:00:00,2.0,1.8156803,,
2022-02-24 17:00:00,2.3,1.4232185,,
2022-02-24 18:00:00,2.3,1.8348906,,
2022-02-24 19:00:00,2.3,1.5344802,,
2022-02-24 20:00:00,3.0,1.4767383,,
2022-02-24 21:00:00,3.0,0.9533777,,
2022-02-24 22:00:00,3.0,1.6102784,,
2022-02-24 23:00:00,3.3,1.9933207,,
2022-02-25 00:00:00,3.3,1.8232968,,
2022-02-25 01:00:00,3.3,1.3826731,,
2022-02-25 02:00:00,2.3,1.6303303,,
2022-02-25 03:00:00,2.3,1.6807239,,
2022-02-25 04:00:00,2.3,1.6605625,,
2022-02-25 05:00:00,0.3,1.4662977,,
2022-02-25 06:00:00,0.3,1.3768096,,
2022-02-25 07:00:00,0.3,1.0530772,,
2022-02-25 08:00:00,0.0,1.0318075,,
2022-02-25 09:00:00,0.0,0.9631294,,
2022-02-25 10:00:00,0.0,0.8590061,,
2022-02-25 11:00:00,1.0,0.8066206,,
2022-02-25 12:00:00,1.0,0.85068953,,
2022-02-25 13:00:00,1.0,0.7949948,,
2022-02-25 14:00:00,0.0,0.7089914,,
2022-02-25 15:00:00,0.0,0.8175324,,
2022-02-25 16:00:00,0.0,0.6752354,,
2022-02-25 17:00:00,0.0,0.73705447,,
2022-02-25 18:00:00,0.0,0.63515055,,
2022-02-25 19:00:00,0.0,0.5949517,,
2022-02-25 20:00:00,0.6,0.43829376,,
2022-02-25 21:00:00,0.6,0.4886679,,
2022-02-25 22:00:00,0.6,0.80412644,,
2022-02-25 23:00:00,0.3,0.6880195,,
2022-02-26 00:00:00,0.3,0.4257504,,
2022-02-26 01:00:00,0.3,0.52393365,,
2022-02-26 02:00:00,0.0,0.4570892,,
2022-02-26 03:00:00,0.0,0.51986897,,
2022-02-26 04:00:00,0.0,0.56201065,,
2022-02-26 05:00:00,0.0,0.5447277,,
2022-02-26 06:00:00,0.0,0.44730622,,
2022-02-26 07:00:00,0.0,0.5593799,,
2022-02-26 08:00:00,0.0,0.65953743,,
2022-02-26 09:00:00,0.0,0.60146135,,
2022-02-26 10:00:00,0.0,0.73510045,,
2022-02-26 11:00:00,0.0,0.87622964,,
2022-02-26 12:00:00,0.0,0.8072303,,
2022-02-26 13:00:00,0.0,0.7759105,,
2022-02-26 14:00:00,0.6,0.76470727,,
2022-02-26 15:00:00,0.6,0.69906664,,
2022-02-26 16:00:00,0.6,0.85904807,,
2022-02-26 17:00:00,1.6,0.7315618,,
2022-02-26 18:00:00,1.6,0.90647763,,
2022-02-26 19:00:00,1.6,1.2577438,,
2022-02-26 20:00:00,3.6,1.8425114,,
2022-02-26 21:00:00,3.6,1.734017,,
2022-02-26 22:00:00,3.6,2.603543,,
2022-02-26 23:00:00,3.3,3.3122325,,
2022-02-27 00:00:00,3.3,3.4317245,,
2022-02-27 01:00:00,3.3,2.113461,,
2022-02-27 02:00:00,3.0,2.352714,,
2022-02-27 03:00:00,3.0,2.3458025,,
2022-02-27 04:00:00,3.0,2.2650135,,
2022-02-27 05:00:00,3.0,1.7267616,,
2022-02-27 06:00:00,3.0,1.9242537,,
2022-02-27 07:00:00,3.0,2.1608062,,
2022-02-27 08:00:00,2.0,2.006185,,
2022-02-27 09:00:00,2.0,2.1156306,,
2022-02-27 10:00:00,2.0,1.7369894,,
2022-02-27 11:00:00,1.3,2.151525,,
2022-02-27 12:00:00,1.3,1.6922604,,
2022-02-27 13:00:00,1.3,1.5442388,,
2022-02-27 14:00:00,1.6,1.6307075,,
2022-02-27 15:00:00,1.6,1.7204129,,
2022-02-27 16:00:00,1.6,1.8083394,,
2022-02-27 17:00:00,2.3,1.9573956,,
2022-02-27 18:00:00,2.3,1.8647735,,
2022-02-27 19:00:00,2.3,2.2028089,,
2022-02-27 20:00:00,1.3,2.1073513,,
2022-02-27 21:00:00,1.3,2.3063805,,
2022-02-27 22:00:00,1.3,1.8892803,,
2022-02-27 23:00:00,2.0,2.1502268,,
2022-02-28 00:00:00,2.0,2.0709932,,
2022-02-28 01:00:00,2.0,2.2812886,,
2022-02-28 02:00:00,2.0,1.984656,,
2022-02-28 03:00:00,2.0,1.795366,,
2022-02-28 04:00:00,2.0,1.9611909,,
2022-02-28 05:00:00,1.6,2.071753,,
2022-02-28 06:00:00,1.6,1.9747651,,
2022-02-28 07:00:00,1.6,1.5425789,,
2022-02-28 08:00:00,2.0,1.4371344,,
2022-02-28 09:00:00,2.0,1.6315275,,
2022-02-28 10:00:00,2.0,1.4565464,,
2022-02-28 11:00:00,1.3,1.4580865,,
2022-02-28 12:00:00,1.3,1.7023424,,
2022-02-28 13:00:00,1.3,1.6253675,,
2022-02-28 14:00:00,2.0,1.3628277,,
2022-02-28 15:00:00,2.0,1.3355411,,
2022-02-28 16:00:00,2.0,1.2883834,,
2022-02-28 17:00:00,2.0,1.5717565,,
2022-02-28 18:00:00,2.0,1.5913087,,
2022-02-28 19:00:00,2.0,1.6363418,,
2022-02-28 20:00:00,2.3,1.529239,,
2022-02-28 21:00:00,2.3,1.7093356,,
2022-02-28 22:00:00,2.3,1.4660684,,
2022-02-28 23:00:00,2.0,1.7967011,,
2022-03-01 00:00:00,2.0,1.8653443,,
2022-03-01 01:00:00,2.0,1.7582762,,
2022-03-01 02:00:00,2.3,1.8475931,,
2022-03-01 03:00:00,2.3,1.8896224,,
2022-03-01 04:00:00,2.3,1.8157492,,
2022-03-01 05:00:00,1.6,1.9989067,,
2022-03-01 06:00:00,1.6,1.9636406,,
2022-03-01 07:00:00,1.6,1.8296068,,
2022-03-01 08:00:00,2.3,1.8896523,,
2022-03-01 09:00:00,2.3,1.8518398,,
2022-03-01 10:00:00,2.3,1.8174654,,
2022-03-01 11:00:00,1.6,1.8000082,,
2022-03-01 12:00:00,1.6,1.6971471,,
2022-03-01 13:00:00,1.6,1.4944063,,
2022-03-01 14:00:00,0.6,1.3213463,,
2022-03-01 15:00:00,0.6,1.3681073,,
2022-03-01 16:00:00,0.6,1.2920372,,
2022-03-01 17:00:00,0.6,1.3209602,,
2022-03-01 18:00:00,0.6,1.2344558,,
2022-03-01 19:00:00,0.6,1.372721,,
2022-03-01 20:00:00,0.6,1.3353188,,
2022-03-01 21:00:00,0.6,1.2342957,,
2022-03-01 22:00:00,0.6,1.0771914,,
2022-03-01 23:00:00,1.6,1.0947204,,
2022-03-02 00:00:00,1.6,1.1495411,,
2022-03-02 01:00:00,1.6,1.1090552,,
2022-03-02 02:00:00,0.6,1.0598848,,
2022-03-02 03:00:00,0.6,0.9898403,,
2022-03-02 04:00:00,0.6,0.99874985,,
2022-03-02 05:00:00,0.6,0.903783,,
2022-03-02 06:00:00,0.6,0.89581454,,
2022-03-02 07:00:00,0.6,0.87017345,,
2022-03-02 08:00:00,0.3,0.77299684,,
2022-03-02 09:00:00,0.3,0.8030962,,
2022-03-02 10:00:00,0.3,0.74231386,,
2022-03-02 11:00:00,1.0,0.6707033,,
2022-03-02 12:00:00,1.0,0.6516022,,
2022-03-02 13:00:00,1.0,0.7100226,,
2022-03-02 14:00:00,0.3,0.80710936,,
2022-03-02 15:00:00,0.3,0.76136243,,
2022-03-02 16:00:00,0.3,0.71935594,,
2022-03-02 17:00:00,0.6,0.53839236,,
2022-03-02 18:00:00,0.6,0.62833124,,
2022-03-02 19:00:00,0.6,0.632884,,
2022-03-02 20:00:00,0.3,0.64548343,,
2022-03-02 21:00:00,0.3,0.62551457,,
2022-03-02 22:00:00,0.3,0.65081,,
2022-03-02 23:00:00,0.3,0.6691581,,
2022-03-03 00:00:00,0.3,0.80489826,,
2022-03-03 01:00:00,0.3,0.72382843,,
2022-03-03 02:00:00,1.0,0.6774921,,
2022-03-03 03:00:00,1.0,0.6735057,,
2022-03-03 04:00:00,1.0,0.5888216,,
2022-03-03 05:00:00,1.3,0.5705829,,
2022-03-03 06:00:00,1.3,0.87365705,,
2022-03-03 07:00:00,1.3,0.9704073,,
2022-03-03 08:00:00,2.0,0.9954006,,
2022-03-03 09:00:00,2.0,1.3890694,,
2022-03-03 10:00:00,2.0,1.551389,,
2022-03-03 11:00:00,2.3,1.710524,,
2022-03-03 12:00:00,2.3,1.7448183,,
2022-03-03 13:00:00,2.3,1.811251,,
2022-03-03 14:00:00,3.3,1.1603264,,
2022-03-03 15:00:00,3.3,1.5849482,,
2022-03-03 16:00:00,3.3,1.5427058,,
2022-03-03 17:00:00,2.6,1.805185,,
2022-03-03 18:00:00,2.6,2.382343,,
2022-03-03 19:00:00,2.6,1.3339922,,
2022-03-03 20:00:00,2.0,1.0318075,,
2022-03-03 21:00:00,2.0,1.6940413,,
2022-03-03 22:00:00,2.0,1.5490078,,
2022-03-03 23:00:00,1.6,1.3909637,,
2022-03-04 00:00:00,1.6,1.5233287,,
2022-03-04 01:00:00,1.6,1.8232048,,
2022-03-04 02:00:00,1.3,2.0842185,,
2022-03-04 03:00:00,1.3,1.9694016,,
2022-03-04 04:00:00,1.3,1.54198,,
2022-03-04 05:00:00,2.0,1.3856623,,
2022-03-04 06:00:00,2.0,1.360894,,
2022-03-04 07:00:00,2.0,1.7941678,,
2022-03-04 08:00:00,2.3,1.6085112,,
2022-03-04 09:00:00,2.3,1.680373,,
2022-03-04 10:00:00,2.3,1.5904768,,
2022-03-04 11:00:00,3.3,1.5396304,,
2022-03-04 12:00:00,3.3,2.0514827,,
2022-03-04 13:00:00,3.3,1.7001556,,
2022-03-04 14:00:00,3.3,1.2500517,,
2022-03-04 15:00:00,3.3,1.3464065,,
2022-03-04 16:00:00,3.3,1.6069968,,
2022-03-04 17:00:00,1.6,1.9903729,,
2022-03-04 18:00:00,1.6,1.7334483,,
2022-03-04 19:00:00,1.6,1.6593845,,
2022-03-04 20:00:00,1.6,1.1510462,,
2022-03-04 21:00:00,1.6,1.4578054,,
2022-03-04 22:00:00,1.6,1.551634,,
2022-03-04 23:00:00,3.6,1.7982429,,
2022-03-05 00:00:00,3.6,1.7013992,,
2022-03-05 01:00:00,3.6,1.6767137,,
2022-03-05 02:00:00,4.6,2.1445343,,
2022-03-05 03:00:00,4.6,2.577388,,
2022-03-05 04:00:00,4.6,2.5538201,,
2022-03-05 05:00:00,4.0,3.2256331,,
2022-03-05 06:00:00,4.0,3.0777926,,
2022-03-05 07:00:00,4.0,2.2961357,,
2022-03-05 08:00:00,4.6,2.4233189,,
2022-03-05 09:00:00,4.6,2.7708974,,
2022-03-05 10:00:00,4.6,2.821222,,
2022-03-05 11:00:00,5.3,2.2739623,,
2022-03-05 12:00:00,5.3,2.2583048,,
2022-03-05 13:00:00,5.3,2.7843428,,
2022-03-05 14:00:00,4.6,2.8209252,,
2022-03-05 15:00:00,4.6,2.5089436,,
2022-03-05 16:00:00,4.6,2.3503258,,
2022-03-05 17:00:00,3.0,2.543206,,
2022-03-05 18:00:00,3.0,2.5628405,,
2022-03-05 19:00:00,3.0,2.149987,,
2022-03-05 20:00:00,4.6,2.239218,,
2022-03-05 21:00:00,4.6,2.3917377,,
2022-03-05 22:00:00,4.6,2.3790205,,
2022-03-05 23:00:00,3.0,2.5571008,,
2022-03-06 00:00:00,3.0,2.0049138,,
2022-03-06 01:00:00,3.0,1.9174093,,
2022-03-06 02:00:00,3.3,1.9217875,,
2022-03-06 03:00:00,3.3,2.1922352,,
2022-03-06 04:00:00,3.3,2.2822304,,
2022-03-06 05:00:00,1.0,2.3068151,,
2022-03-06 06:00:00,1.0,2.01243,,
2022-03-06 07:00:00,1.0,1.8905432,,
2022-03-06 08:00:00,1.6,1.7349775,,
2022-03-06 09:00:00,1.6,1.7671101,,
2022-03-06 10:00:00,1.6,1.754563,,
2022-03-06 11:00:00,2.3,1.9518255,,
2022-03-06 12:00:00,2.3,1.8436626,,
2022-03-06 13:00:00,2.3,1.9467825,,
2022-03-06 14:00:00,2.3,1.9584522,,
2022-03-06 15:00:00,2.3,1.7479999,,
2022-03-06 16:00:00,2.3,1.7976509,,
2022-03-06 17:00:00,2.3,1.7292392,,
2022-03-06 18:00:00,2.3,1.6961842,,
2022-03-06 19:00:00,2.3,1.6811647,,
2022-03-06 20:00:00,0.6,1.6075172,,
2022-03-06 21:00:00,0.6,1.593497,,
2022-03-06 22:00:00,0.6,1.4163094,,
2022-03-06 23:00:00,1.3,1.0318075,,
2022-03-07 00:00:00,1.3,0.8304125,,
2022-03-07 01:00:00,1.3,0.81412935,,
2022-03-07 02:00:00,3.0,0.9102087,,
2022-03-07 03:00:00,3.0,1.0847576,,
2022-03-07 04:00:00,3.0,1.516402,,
2022-03-07 05:00:00,2.3,1.4260137,,
2022-03-07 06:00:00,2.3,1.2739778,,
2022-03-07 07:00:00,2.3,1.5439738,,
2022-03-07 08:00:00,2.0,1.7178681,,
2022-03-07 09:00:00,2.0,1.6829116,,
2022-03-07 10:00:00,2.0,1.5854378,,
2022-03-07 11:00:00,1.3,1.4631212,,
2022-03-07 12:00:00,1.3,1.3436611,,
2022-03-07 13:00:00,1.3,1.2736737,,
2022-03-07 14:00:00,2.6,1.3194076,,
2022-03-07 15:00:00,2.6,1.1772106,,
2022-03-07 16:00:00,2.6,1.389504,,
2022-03-07 17:00:00,2.3,1.4596839,,
2022-03-07 18:00:00,2.3,1.5992212,,
2022-03-07 19:00:00,2.3,1.2057614,,
2022-03-07 20:00:00,0.3,1.2525175,,
2022-03-07 21:00:00,0.3,1.287015,,
2022-03-07 22:00:00,0.3,1.09957,,
2022-03-07 23:00:00,0.6,0.9263028,,
2022-03-08 00:00:00,0.6,0.8991722,,
2022-03-08 01:00:00,0.6,0.8747336,,
2022-03-08 02:00:00,0.6,0.83371174,,
2022-03-08 03:00:00,0.6,0.8126313,,
2022-03-08 04:00:00,0.6,0.7922336,,
2022-03-08 05:00:00,0.0,0.8372693,,
2022-03-08 06:00:00,0.0,0.88869286,,
2022-03-08 07:00:00,0.0,0.8295655,,
2022-03-08 08:00:00,1.3,0.69408154,,
2022-03-08 09:00:00,1.3,0.747625,,
2022-03-08 10:00:00,1.3,0.87752074,,
2022-03-08 11:00:00,2.0,0.7771545,,
2022-03-08 12:00:00,2.0,0.8603473,,
2022-03-08 13:00:00,2.0,0.80200493,,
2022-03-08 14:00:00,2.6,0.82195985,,
2022-03-08 15:00:00,2.6,0.8855578,,
2022-03-08 16:00:00,2.6,1.0208806,,
2022-03-08 17:00:00,0.6,0.8954601,,
2022-03-08 18:00:00,0.6,0.917343,,
2022-03-08 19:00:00,0.6,0.7297667,,
2022-03-08 20:00:00,0.6,0.6139252,,
2022-03-08 21:00:00,0.6,0.62729,,
2022-03-08 22:00:00,0.6,0.57723767,,
2022-03-08 23:00:00,1.0,0.75337803,,
2022-03-09 00:00:00,1.0,0.8319882,,
2022-03-09 01:00:00,1.0,0.77795756,,
2022-03-09 02:00:00,1.0,0.70250225,,
2022-03-09 03:00:00,1.0,0.48340768,,
2022-03-09 04:00:00,1.0,0.644055,,
2022-03-09 05:00:00,0.6,0.81724155,,
2022-03-09 06:00:00,0.6,0.7255928,,
2022-03-09 07:00:00,0.6,0.62799674,,
2022-03-09 08:00:00,0.3,0.68566835,,
2022-03-09 09:00:00,0.3,0.64580095,,
2022-03-09 10:00:00,0.3,0.4896635,,
2022-03-09 11:00:00,1.6,0.4318718,,
2022-03-09 12:00:00,1.6,0.43055472,,
2022-03-09 13:00:00,1.6,0.41937876,,
2022-03-09 14:00:00,1.6,0.49311614,,
2022-03-09 15:00:00,1.6,0.70359915,,
2022-03-09 16:00:00,1.6,0.7520174,,
2022-03-09 17:00:00,0.6,0.59188396,,
2022-03-09 18:00:00,0.6,0.50047016,,
2022-03-09 19:00:00,0.6,0.86656225,,
2022-03-09 20:00:00,1.3,1.2018453,,
2022-03-09 21:00:00,1.3,1.2146336,,
2022-03-09 22:00:00,1.3,1.3840044,,
2022-03-09 23:00:00,1.3,1.1563838,,
2022-03-10 00:00:00,1.3,0.86301565,,
2022-03-10 01:00:00,1.3,0.91191655,,
2022-03-10 02:00:00,1.3,0.988982,,
2022-03-10 03:00:00,1.3,0.75600827,,
2022-03-10 04:00:00,1.3,0.9253384,,
2022-03-10 05:00:00,2.3,1.1255587,,
2022-03-10 06:00:00,2.3,1.2365463,,
2022-03-10 07:00:00,2.3,1.2521322,,
2022-03-10 08:00:00,3.6,1.2681484,,
2022-03-10 09:00:00,3.6,1.5982122,,
2022-03-10 10:00:00,3.6,2.7891154,,
2022-03-10 11:00:00,2.3,3.0917249,,
2022-03-10 12:00:00,2.3,2.2478414,,
2022-03-10 13:00:00,2.3,0.85426694,,
2022-03-10 14:00:00,4.0,0.9810502,,
2022-03-10 15:00:00,4.0,2.110925,,
2022-03-10 16:00:00,4.0,2.4283051,,
2022-03-10 17:00:00,3.3,2.7229362,,
2022-03-10 18:00:00,3.3,2.6511421,,
2022-03-10 19:00:00,3.3,0.62588084,,
2022-03-10 20:00:00,4.0,0.99491084,,
2022-03-10 21:00:00,4.0,2.0106223,,
2022-03-10 22:00:00,4.0,2.2803693,,
2022-03-10 23:00:00,2.3,2.3956926,,
2022-03-11 00:00:00,2.3,1.7776778,,
2022-03-11 01:00:00,2.3,2.0053816,,
2022-03-11 02:00:00,3.0,1.7014364,,
2022-03-11 03:00:00,3.0,1.3580475,,
2022-03-11 04:00:00,3.0,1.1929896,,
2022-03-11 05:00:00,3.0,1.6882269,,
2022-03-11 06:00:00,3.0,2.4232934,,
2022-03-11 07:00:00,3.0,1.6280043,,
2022-03-11 08:00:00,3.0,2.1146007,,
2022-03-11 09:00:00,3.0,1.1306149,,
2022-03-11 10:00:00,3.0,2.044684,,
2022-03-11 11:00:00,4.3,1.5315824,,
2022-03-11 12:00:00,4.3,1.424217,,
2022-03-11 13:00:00,4.3,2.0568848,,
2022-03-11 14:00:00,4.6,1.8828933,,
2022-03-11 15:00:00,4.6,3.084309,,
2022-03-11 16:00:00,4.6,2.8424578,,
2022-03-11 17:00:00,4.3,2.140699,,
2022-03-11 18:00:00,4.3,2.5049176,,
2022-03-11 19:00:00,4.3,2.3705907,,
2022-03-11 20:00:00,2.3,2.0073867,,
2022-03-11 21:00:00,2.3,1.8985217,,
2022-03-11 22:00:00,2.3,1.699164,,
2022-03-11 23:00:00,1.0,0.9816508,,
2022-03-12 00:00:00,1.0,0.7788671,,
2022-03-12 01:00:00,1.0,0.4875471,,
2022-03-12 02:00:00,1.0,0.51661813,,
2022-03-12 03:00:00,1.0,0.49710998,,
2022-03-12 04:00:00,1.0,0.5833271,,
2022-03-12 05:00:00,0.3,0.57204753,,
2022-03-12 06:00:00,0.3,0.5004222,,
2022-03-12 07:00:00,0.3,0.52964294,,
2022-03-12 08:00:00,1.0,0.4695325,,
2022-03-12 09:00:00,1.0,0.41895485,,
2022-03-12 10:00:00,1.0,0.4897686,,
2022-03-12 11:00:00,1.3,0.5011667,,
2022-03-12 12:00:00,1.3,0.5221489,,
2022-03-12 13:00:00,1.3,0.6858323,,
2022-03-12 14:00:00,1.3,0.65047055,,
2022-03-12 15:00:00,1.3,0.7231334,,
2022-03-12 16:00:00,1.3,0.74399644,,
2022-03-12 17:00:00,0.6,0.73127526,,
2022-03-12 18:00:00,0.6,0.6777607,,
2022-03-12 19:00:00,0.6,0.5123955,,
2022-03-12 20:00:00,0.3,0.3743369,,
2022-03-12 21:00:00,0.3,0.26394844,,
2022-03-12 22:00:00,0.3,0.2382356,,
2022-03-12 23:00:00,4.0,0.26960278,,
2022-03-13 00:00:00,4.0,0.33659577,,
2022-03-13 01:00:00,4.0,0.36162096,,
2022-03-13 02:00:00,5.6,0.39550623,,
2022-03-13 03:00:00,5.6,1.0942304,,
2022-03-13 04:00:00,5.6,3.5250657,,
2022-03-13 05:00:00,5.3,4.21231,,
2022-03-13 06:00:00,5.3,4.448798,,
2022-03-13 07:00:00,5.3,4.0954595,,
2022-03-13 08:00:00,5.6,2.6247582,,
2022-03-13 09:00:00,5.6,4.0759006,,
2022-03-13 10:00:00,5.6,3.91583,,
2022-03-13 11:00:00,6.3,2.4447613,,
2022-03-13 12:00:00,6.3,2.4381623,,
2022-03-13 13:00:00,6.3,3.296064,,
2022-03-13 14:00:00,5.6,2.2787507,,
2022-03-13 15:00:00,5.6,4.3076544,,
2022-03-13 16:00:00,5.6,3.6410956,,
2022-03-13 17:00:00,2.6,1.3745024,,
2022-03-13 18:00:00,2.6,1.3630726,,
2022-03-13 19:00:00,2.6,1.0019541,,
2022-03-13 20:00:00,1.6,0.8164633,,
2022-03-13 21:00:00,1.6,0.7876151,,
2022-03-13 22:00:00,1.6,0.5574349,,
2022-03-13 23:00:00,1.6,0.5336174,,
2022-03-14 00:00:00,1.6,0.73391986,,
2022-03-14 01:00:00,1.6,0.95540464,,
2022-03-14 02:00:00,1.6,0.8698224,,
2022-03-14 03:00:00,1.6,0.50598544,,
2022-03-14 04:00:00,1.6,0.5285316,,
2022-03-14 05:00:00,2.0,0.6071604,,
2022-03-14 06:00:00,2.0,0.7003442,,
2022-03-14 07:00:00,2.0,0.6528744,,
2022-03-14 08:00:00,0.6,0.6971146,,
2022-03-14 09:00:00,0.6,0.82784426,,
2022-03-14 10:00:00,0.6,1.0318075,,
2022-03-14 11:00:00,1.0,1.0622033,,
2022-03-14 12:00:00,1.0,1.2233654,,
2022-03-14 13:00:00,1.0,1.2571661,,
2022-03-14 14:00:00,1.0,1.0318075,,
2022-03-14 15:00:00,1.0,0.99753046,,
2022-03-14 16:00:00,1.0,0.94032943,,
2022-03-14 17:00:00,1.3,0.9050026,,
2022-03-14 18:00:00,1.3,1.0798256,,
2022-03-14 19:00:00,1.3,0.94000804,,
2022-03-14 20:00:00,0.6,0.66927934,,
2022-03-14 21:00:00,0.6,0.51486874,,
2022-03-14 22:00:00,0.6,0.59683955,,
2022-03-14 23:00:00,0.3,0.44438896,,
2022-03-15 00:00:00,0.3,1.3343627,,
2022-03-15 01:00:00,0.3,1.3631365,,
2022-03-15 02:00:00,1.6,1.4116768,,
2022-03-15 03:00:00,1.6,1.5765334,,
2022-03-15 04:00:00,1.6,1.5144935,,
2022-03-15 05:00:00,2.0,1.7017851,,
2022-03-15 06:00:00,2.0,1.4067221,,
2022-03-15 07:00:00,2.0,1.3864162,,
2022-03-15 08:00:00,1.3,1.1971061,,
2022-03-15 09:00:00,1.3,1.2536871,,
2022-03-15 10:00:00,1.3,1.3972121,,
2022-03-15 11:00:00,3.0,1.2986808,,
2022-03-15 12:00:00,3.0,0.95101804,,
2022-03-15 13:00:00,3.0,1.0330892,,
2022-03-15 14:00:00,0.6,1.2729499,,
2022-03-15 15:00:00,0.6,0.93948615,,
2022-03-15 16:00:00,0.6,0.6999213,,
2022-03-15 17:00:00,0.0,0.6509999,,
2022-03-15 18:00:00,0.0,0.5757618,,
2022-03-15 19:00:00,0.0,0.6475728,,
2022-03-15 20:00:00,0.6,0.70385087,,
2022-03-15 21:00:00,0.6,0.73336667,,
2022-03-15 22:00:00,0.6,0.72736466,,
2022-03-15 23:00:00,1.3,0.97192514,,
2022-03-16 00:00:00,1.3,1.0099549,,
2022-03-16 01:00:00,1.3,0.84257346,,
2022-03-16 02:00:00,2.0,0.9032871,,
2022-03-16 03:00:00,2.0,0.97165585,,
2022-03-16 04:00:00,2.0,0.9281944,,
2022-03-16 05:00:00,2.0,0.7537838,,
2022-03-16 06:00:00,2.0,0.94045496,,
2022-03-16 07:00:00,2.0,0.91412765,,
2022-03-16 08:00:00,2.3,0.98508775,,
2022-03-16 09:00:00,2.3,0.8756747,,
2022-03-16 10:00:00,2.3,0.9413431,,
2022-03-16 11:00:00,2.0,0.9383174,,
2022-03-16 12:00:00,2.0,0.84520996,,
2022-03-16 13:00:00,2.0,0.9637226,,
2022-03-16 14:00:00,2.0,0.85259295,,
2022-03-16 15:00:00,2.0,0.93106735,,
2022-03-16 16:00:00,2.0,0.9780431,,
2022-03-16 17:00:00,2.0,0.739791,,
2022-03-16 18:00:00,2.0,0.7204562,,
2022-03-16 19:00:00,2.0,0.59221745,,
2022-03-16 20:00:00,1.6,0.52040297,,
2022-03-16 21:00:00,1.6,1.0790526,,
2022-03-16 22:00:00,1.6,1.2237698,,
2022-03-16 23:00:00,1.6,0.98524606,,
2022-03-17 00:00:00,1.6,1.0655756,,
2022-03-17 01:00:00,1.6,0.941702,,
2022-03-17 02:00:00,0.6,0.72251767,,
2022-03-17 03:00:00,0.6,0.7039544,,
2022-03-17 04:00:00,0.6,0.6750633,,
2022-03-17 05:00:00,0.6,0.67472136,,
2022-03-17 06:00:00,0.6,0.7119681,,
2022-03-17 07:00:00,0.6,0.65005213,,
2022-03-17 08:00:00,0.3,0.4885049,,
2022-03-17 09:00:00,0.3,0.43073043,,
2022-03-17 10:00:00,0.3,0.33040068,,
2022-03-17 11:00:00,0.6,0.43491974,,
2022-03-17 12:00:00,0.6,0.42975718,,
2022-03-17 13:00:00,0.6,0.47914118,,
2022-03-17 14:00:00,2.0,0.40714198,,
2022-03-17 15:00:00,2.0,0.4442613,,
2022-03-17 16:00:00,2.0,0.4574325,,
2022-03-17 17:00:00,0.0,0.582415,,
2022-03-17 18:00:00,0.0,0.6394471,,
2022-03-17 19:00:00,0.0,0.4660613,,
2022-03-17 20:00:00,0.0,0.3526606,,
2022-03-17 21:00:00,0.0,0.3169008,,
2022-03-17 22:00:00,0.0,0.18688898,,
2022-03-17 23:00:00,0.0,0.21103926,,
2022-03-18 00:00:00,0.0,0.22922893,,
2022-03-18 01:00:00,0.0,0.28351182,,
2022-03-18 02:00:00,0.6,0.33011326,,
2022-03-18 03:00:00,0.6,0.30319017,,
2022-03-18 04:00:00,0.6,0.36979756,,
2022-03-18 05:00:00,0.6,0.3893941,,
2022-03-18 06:00:00,0.6,0.25271553,,
2022-03-18 07:00:00,0.6,0.19916198,,
2022-03-18 08:00:00,0.6,0.2860597,,
2022-03-18 09:00:00,0.6,0.26052293,,
2022-03-18 10:00:00,0.6,0.33054122,,
2022-03-18 11:00:00,0.3,0.41706127,,
2022-03-18 12:00:00,0.3,0.47965187,,
2022-03-18 13:00:00,0.3,0.44978637,,
2022-03-18 14:00:00,0.6,0.40257,,
2022-03-18 15:00:00,0.6,0.47011337,,
2022-03-18 16:00:00,0.6,0.4579522,,
2022-03-18 17:00:00,0.3,0.25652885,,
2022-03-18 18:00:00,0.3,0.44739038,,
2022-03-18 19:00:00,0.3,0.38887024,,
2022-03-18 20:00:00,2.0,0.63085616,,
2022-03-18 21:00:00,2.0,0.8097051,,
2022-03-18 22:00:00,2.0,0.77454305,,
2022-03-18 23:00:00,1.6,0.59302324,,
2022-03-19 00:00:00,1.6,0.9830292,,
2022-03-19 01:00:00,1.6,0.9361372,,
2022-03-19 02:00:00,0.3,0.48517388,,
2022-03-19 03:00:00,0.3,0.6354612,,
2022-03-19 04:00:00,0.3,0.30445933,,
2022-03-19 05:00:00,0.6,0.27299824,,
2022-03-19 06:00:00,0.6,0.2992999,,
2022-03-19 07:00:00,0.6,0.45020518,,
2022-03-19 08:00:00,1.3,0.61939156,,
2022-03-19 09:00:00,1.3,0.5819039,,
2022-03-19 10:00:00,1.3,0.9347432,,
2022-03-19 11:00:00,2.0,1.1930242,,
2022-03-19 12:00:00,2.0,1.1612941,,
2022-03-19 13:00:00,2.0,1.228981,,
2022-03-19 14:00:00,3.0,1.7087939,,
2022-03-19 15:00:00,3.0,1.932978,,
2022-03-19 16:00:00,3.0,1.8769138,,
2022-03-19 17:00:00,3.3,1.8633957,,
2022-03-19 18:00:00,3.3,1.822209,,
2022-03-19 19:00:00,3.3,2.1789174,,
2022-03-19 20:00:00,2.0,1.8197685,,
2022-03-19 21:00:00,2.0,1.803436,,
2022-03-19 22:00:00,2.0,1.5970098,,
2022-03-19 23:00:00,1.0,1.278884,,
2022-03-20 00:00:00,1.0,0.9460438,,
2022-03-20 01:00:00,1.0,0.64957196,,
2022-03-20 02:00:00,0.6,0.46064538,,
2022-03-20 03:00:00,0.6,0.42638198,,
2022-03-20 04:00:00,0.6,0.47088352,,
2022-03-20 05:00:00,1.0,0.38677973,,
2022-03-20 06:00:00,1.0,0.36944184,,
2022-03-20 07:00:00,2.6,0.2111193,,
2022-03-20 08:00:00,2.6,0.32210582,,
2022-03-20 09:00:00,2.0,1.4412706,,
2022-03-20 10:00:00,2.0,1.9186418,,
2022-03-20 11:00:00,2.0,1.2498634,,
2022-03-20 12:00:00,0.0,1.3583426,,
2022-03-20 13:00:00,0.0,1.0318075,,
2022-03-20 14:00:00,0.0,0.906367,,
2022-03-20 15:00:00,0.3,0.61139476,,
2022-03-20 16:00:00,0.3,0.74596614,,
2022-03-20 17:00:00,0.3,0.817725,,
2022-03-20 18:00:00,0.3,0.7369273,,
2022-03-20 19:00:00,0.3,0.7273321,,
2022-03-20 20:00:00,0.3,0.6098795,,
2022-03-20 21:00:00,0.6,0.61850715,,
2022-03-20 22:00:00,0.6,0.47657305,,
2022-03-20 23:00:00,0.6,0.61703146,,
2022-03-21 00:00:00,0.6,0.7656633,,
2022-03-21 01:00:00,0.6,0.8040077,,
2022-03-21 02:00:00,0.6,0.73973286,,
2022-03-21 03:00:00,0.6,0.8048872,,
2022-03-21 04:00:00,0.6,0.7729836,,
2022-03-21 05:00:00,0.6,0.57246983,,
2022-03-21 06:00:00,1.0,0.840089,,
2022-03-21 07:00:00,1.0,1.0172325,,
2022-03-21 08:00:00,1.0,1.2103001,,
2022-03-21 09:00:00,2.0,1.4186,,
2022-03-21 10:00:00,2.0,1.3124883,,
2022-03-21 11:00:00,2.0,1.6420803,,
2022-03-21 12:00:00,2.6,1.6554801,,
2022-03-21 13:00:00,2.6,1.6546484,,
2022-03-21 14:00:00,2.6,1.6671463,,
2022-03-21 15:00:00,1.3,1.7459091,,
2022-03-21 16:00:00,1.3,1.5086141,,
2022-03-21 17:00:00,1.3,1.0730371,,
2022-03-21 18:00:00,0.3,1.2786798,,
2022-03-21 19:00:00,0.3,0.9692273,,
2022-03-21 20:00:00,0.3,0.7845865,,
2022-03-21 21:00:00,1.6,0.5570268,,
2022-03-21 22:00:00,1.6,0.31087047,,
2022-03-21 23:00:00,1.6,0.34646788,,
2022-03-22 00:00:00,1.6,0.38803926,,
2022-03-22 01:00:00,1.6,0.46933764,,
2022-03-22 02:00:00,1.6,0.6468409,,
2022-03-22 03:00:00,3.3,0.9243407,,
2022-03-22 04:00:00,3.3,1.1082976,,
2022-03-22 05:00:00,3.3,1.2373912,,
2022-03-22 06:00:00,2.3,1.9049809,,
2022-03-22 07:00:00,2.3,2.1665382,,
2022-03-22 08:00:00,2.3,2.1566987,,
2022-03-22 09:00:00,2.0,2.191221,,
2022-03-22 10:00:00,2.0,1.0318075,,
2022-03-22 11:00:00,2.0,0.7734217,,
2022-03-22 12:00:00,1.0,1.0733628,,
2022-03-22 13:00:00,1.0,1.2933129,,
2022-03-22 14:00:00,1.0,1.3081901,,
2022-03-22 15:00:00,1.6,1.0463395,,
2022-03-22 16:00:00,1.6,1.011975,,
2022-03-22 17:00:00,1.6,1.6283041,,
2022-03-22 18:00:00,1.3,1.7759278,,
2022-03-22 19:00:00,1.3,2.008238,,
2022-03-22 20:00:00,1.3,1.6367174,,
2022-03-22 21:00:00,1.6,1.6077127,,
2022-03-22 22:00:00,1.6,1.6462195,,
2022-03-22 23:00:00,1.6,1.2667891,,
2022-03-23 00:00:00,2.0,1.1791587,,
2022-03-23 01:00:00,2.0,1.0891578,,
2022-03-23 02:00:00,2.0,1.4453706,,
2022-03-23 03:00:00,1.6,0.9115284,,
2022-03-23 04:00:00,1.6,1.1649227,,
2022-03-23 05:00:00,1.6,1.7597612,,
2022-03-23 06:00:00,0.6,0.7314998,,
2022-03-23 07:00:00,0.6,0.6230267,,
2022-03-23 08:00:00,0.6,0.80326045,,
2022-03-23 09:00:00,3.3,0.98533857,,
2022-03-23 10:00:00,3.3,1.3161001,,
2022-03-23 11:00:00,3.3,1.7631321,,
2022-03-23 12:00:00,2.6,2.6507497,,
2022-03-23 13:00:00,2.6,2.3111434,,
2022-03-23 14:00:00,2.6,1.9156027,,
2022-03-23 15:00:00,1.3,1.6685851,,
2022-03-23 16:00:00,1.3,1.9218302,,
2022-03-23 17:00:00,1.3,2.1021922,,
2022-03-23 18:00:00,2.3,1.7598826,,
2022-03-23 19:00:00,2.3,1.8759024,,
2022-03-23 20:00:00,2.3,2.411879,,
2022-03-23 21:00:00,3.3,2.4145963,,
2022-03-23 22:00:00,3.3,2.505159,,
2022-03-23 23:00:00,3.3,2.4539437,,
2022-03-24 00:00:00,2.3,2.1117742,,
2022-03-24 01:00:00,2.3,1.8476197,,
2022-03-24 02:00:00,2.3,1.9750754,,
2022-03-24 03:00:00,1.0,2.0410607,,
2022-03-24 04:00:00,1.0,1.9896271,,
2022-03-24 05:00:00,1.0,1.9508092,,
2022-03-24 06:00:00,1.6,1.7820594,,
2022-03-24 07:00:00,1.6,1.5886052,,
2022-03-24 08:00:00,1.6,1.5713525,,
2022-03-24 09:00:00,3.0,1.6969912,,
2022-03-24 10:00:00,3.0,1.6834208,,
2022-03-24 11:00:00,3.0,1.4444271,,
2022-03-24 12:00:00,2.6,1.4658743,,
2022-03-24 13:00:00,2.6,1.4537337,,
2022-03-24 14:00:00,2.6,1.3378017,,
2022-03-24 15:00:00,1.3,1.3519434,,
2022-03-24 16:00:00,1.3,1.3346095,,
2022-03-24 17:00:00,1.3,1.4392855,,
2022-03-24 18:00:00,2.0,1.3583525,,
2022-03-24 19:00:00,2.0,1.4211323,,
2022-03-24 20:00:00,2.0,1.3842369,,
2022-03-24 21:00:00,2.0,1.3837523,,
2022-03-24 22:00:00,2.0,1.2964022,,
2022-03-24 23:00:00,2.0,1.0353751,,
2022-03-25 00:00:00,1.6,1.2858909,,
2022-03-25 01:00:00,1.6,1.2020382,,
2022-03-25 02:00:00,1.6,1.3346691,,
2022-03-25 03:00:00,1.6,1.270072,,
2022-03-25 04:00:00,1.6,1.5316837,,
2022-03-25 05:00:00,1.6,1.6121902,,
2022-03-25 06:00:00,0.6,1.0419075,,
2022-03-25 07:00:00,0.6,0.6988226,,
2022-03-25 08:00:00,0.6,0.7058965,,
2022-03-25 09:00:00,2.0,0.71060526,,
2022-03-25 10:00:00,2.0,1.0111555,,
2022-03-25 11:00:00,2.0,0.89206517,,
2022-03-25 12:00:00,0.3,0.8604841,,
2022-03-25 13:00:00,0.3,0.79297644,,
2022-03-25 14:00:00,0.3,0.81368846,,
2022-03-25 15:00:00,0.6,0.93558025,,
2022-03-25 16:00:00,0.6,0.8979726,,
2022-03-25 17:00:00,0.6,0.96883315,,
2022-03-25 18:00:00,1.3,0.8567478,,
2022-03-25 19:00:00,1.3,0.9858616,,
2022-03-25 20:00:00,1.3,1.1371447,,
2022-03-25 21:00:00,0.3,1.0033902,,
2022-03-25 22:00:00,0.3,0.95248014,,
2022-03-25 23:00:00,0.3,0.9203063,,
2022-03-26 00:00:00,2.0,0.8283385,,
2022-03-26 01:00:00,2.0,0.81206787,,
2022-03-26 02:00:00,2.0,0.9505582,,
2022-03-26 03:00:00,3.0,1.2861905,,
2022-03-26 04:00:00,3.0,2.2827592,,
2022-03-26 05:00:00,3.0,2.797989,,
2022-03-26 06:00:00,2.0,2.8202932,,
2022-03-26 07:00:00,2.0,2.666765,,
2022-03-26 08:00:00,2.0,1.0318075,,
2022-03-26 09:00:00,1.6,1.0318075,,
2022-03-26 10:00:00,1.6,1.5566576,,
2022-03-26 11:00:00,1.6,2.006542,,
2022-03-26 12:00:00,2.0,1.9925283,,
2022-03-26 13:00:00,2.0,2.05753,,
2022-03-26 14:00:00,2.0,1.8977201,,
2022-03-26 15:00:00,2.0,1.8308414,,
2022-03-26 16:00:00,2.0,1.5954958,,
2022-03-26 17:00:00,2.0,1.2182496,,
2022-03-26 18:00:00,3.3,1.326319,,
2022-03-26 19:00:00,3.3,2.0070665,,
2022-03-26 20:00:00,3.3,2.5514922,,
2022-03-26 21:00:00,2.6,2.84706,,
2022-03-26 22:00:00,2.6,3.0575325,,
2022-03-26 23:00:00,2.6,2.806835,,
2022-03-27 00:00:00,4.0,2.8289099,,
2022-03-27 01:00:00,4.0,2.6459782,,
2022-03-27 02:00:00,4.0,2.6227317,,
2022-03-27 03:00:00,4.0,2.5861564,,
2022-03-27 04:00:00,4.0,2.9191663,,
2022-03-27 05:00:00,4.0,3.05209,,
2022-03-27 06:00:00,3.3,2.8601332,,
2022-03-27 07:00:00,3.3,2.4968452,,
2022-03-27 08:00:00,3.3,2.435207,,
2022-03-27 09:00:00,4.0,2.4724126,,
2022-03-27 10:00:00,4.0,2.396237,,
2022-03-27 11:00:00,4.0,2.2737875,,
2022-03-27 12:00:00,3.6,2.3255413,,
2022-03-27 13:00:00,3.6,2.098661,,
2022-03-27 14:00:00,3.6,1.8129355,,
2022-03-27 15:00:00,1.3,1.6783081,,
2022-03-27 16:00:00,1.3,1.7108161,,
2022-03-27 17:00:00,1.3,1.72258,,
2022-03-27 18:00:00,1.0,1.5284666,,
2022-03-27 19:00:00,1.0,1.3916318,,
2022-03-27 20:00:00,1.0,1.2858506,,
2022-03-27 21:00:00,1.0,1.3998525,,
2022-03-27 22:00:00,1.0,1.5018845,,
2022-03-27 23:00:00,1.0,1.364671,,
2022-03-28 00:00:00,0.6,1.1070101,,
2022-03-28 01:00:00,0.6,0.91951895,,
2022-03-28 02:00:00,0.6,0.82413036,,
2022-03-28 03:00:00,0.6,0.9166576,,
2022-03-28 04:00:00,0.6,0.90029496,,
2022-03-28 05:00:00,0.6,0.74770427,,
2022-03-28 06:00:00,1.0,0.81525075,,
2022-03-28 07:00:00,1.0,0.856822,,
2022-03-28 08:00:00,1.0,0.9267558,,
2022-03-28 09:00:00,1.0,0.7837954,,
2022-03-28 10:00:00,1.0,0.86691695,,
2022-03-28 11:00:00,1.0,0.81298697,,
2022-03-28 12:00:00,2.0,0.8294679,,
2022-03-28 13:00:00,2.0,1.1213679,,
2022-03-28 14:00:00,2.0,0.92187655,,
2022-03-28 15:00:00,1.6,0.77187407,,
2022-03-28 16:00:00,1.6,1.1629944,,
2022-03-28 17:00:00,1.6,0.9980466,,
2022-03-28 18:00:00,1.3,0.89414155,,
2022-03-28 19:00:00,1.3,0.77999824,,
2022-03-28 20:00:00,1.3,0.88373977,,
2022-03-28 21:00:00,1.6,0.9833689,,
2022-03-28 22:00:00,1.6,0.58487785,,
2022-03-28 23:00:00,1.6,1.0232962,,
2022-03-29 00:00:00,2.6,1.1585425,,
2022-03-29 01:00:00,2.6,1.0891224,,
2022-03-29 02:00:00,2.6,1.0643135,,
2022-03-29 03:00:00,2.3,1.1058637,,
2022-03-29 04:00:00,2.3,1.3211577,,
2022-03-29 05:00:00,2.3,1.2914245,,
2022-03-29 06:00:00,2.3,1.3437663,,
2022-03-29 07:00:00,2.3,1.0959527,,
2022-03-29 08:00:00,2.3,0.98062,,
2022-03-29 09:00:00,0.0,0.917946,,
2022-03-29 10:00:00,0.0,0.7689951,,
2022-03-29 11:00:00,0.0,0.7038705,,
2022-03-29 12:00:00,0.6,0.6640867,,
2022-03-29 13:00:00,0.6,0.6069593,,
2022-03-29 14:00:00,0.6,0.6548978,,
2022-03-29 15:00:00,0.6,0.7558552,,
2022-03-29 16:00:00,0.6,0.7125521,,
2022-03-29 17:00:00,0.6,0.5229693,,
2022-03-29 18:00:00,1.6,0.59624964,,
2022-03-29 19:00:00,1.6,0.6680694,,
2022-03-29 20:00:00,1.6,0.7765096,,
2022-03-29 21:00:00,0.3,0.87004817,,
2022-03-29 22:00:00,0.3,0.7018199,,
2022-03-29 23:00:00,0.3,0.5937723,,
2022-03-30 00:00:00,2.0,0.5262718,,
2022-03-30 01:00:00,2.0,0.4583796,,
2022-03-30 02:00:00,2.0,0.5146396,,
2022-03-30 03:00:00,2.0,0.5734073,,
2022-03-30 04:00:00,2.0,0.7772348,,
2022-03-30 05:00:00,2.0,0.9495653,,
2022-03-30 06:00:00,3.3,1.4168135,,
2022-03-30 07:00:00,3.3,1.5655668,,
2022-03-30 08:00:00,3.3,1.2627839,,
2022-03-30 09:00:00,4.6,1.3836966,,
2022-03-30 10:00:00,4.6,1.467927,,
2022-03-30 11:00:00,4.6,0.94726133,,
2022-03-30 12:00:00,4.6,0.797891,,
